platform,komentar,timestamp
youtube,Ugh brought back my inner 12 year old,1 menit yang lalu
youtube,exited,3 menit yang lalu
youtube,"I'm counting the Daisies ...she loves me, she loves me not, he love's me ....he love's me not❤❤",5 menit yang lalu
youtube,Thank you Hailey,6 menit yang lalu
youtube,❤❤❤❤❤,8 menit yang lalu
youtube,I can't believe I'm saying this but coachella looked fun because of Justin. Woke up something ancient in me watching this. Felt like I was at Warped Tour or smth,12 menit yang lalu
youtube,❤❤❤❤❤❤,15 menit yang lalu
youtube,VIVA JUSTIN BIEBER,15 menit yang lalu
youtube,"After the bieberchella last week, here in my country 🇵🇭Philippines i always hear songs of justinnnnnnnnn...",19 menit yang lalu
youtube,🥹❤️‍🩹,21 menit yang lalu
youtube,Iconic,25 menit yang lalu
youtube,"so proud of your healing journey, Justin. your own healing is healing the collective. beautiful, beautiful aura",30 menit yang lalu
youtube,I WANNA GET CLOSER AND CLOSER AND CLOSSAAHHH,34 menit yang lalu
youtube,Closer and closer AND CLOSAAAAAAH 💜✨,36 menit yang lalu
youtube,Felt the chills and connection like we’ve known each other for a long time. This was an incredible performance ! He enjoyed every second of it and it was just clossaaaahhhh 🥹🫶🏻🫶🏻🫶🏻,37 menit yang lalu
youtube,"pop music is utterly banal now, so uniform and over produced - so thank you for this",37 menit yang lalu
youtube,1:26 My favorite part,39 menit yang lalu
youtube,Closer closer closer,39 menit yang lalu
youtube,One of the best performances ever❤,42 menit yang lalu (diedit)
youtube,"Plz keep singing, singing keeps you",47 menit yang lalu
youtube,My 13 yrs old me is crying rn,48 menit yang lalu
youtube,this brings back so many memories,48 menit yang lalu
youtube,💜💜💜💜💜💜💜💜💜,50 menit yang lalu
youtube,He's maturing finally.,51 menit yang lalu
youtube,I think my childhood is healed ❤,52 menit yang lalu
youtube,MK. Gee on the guitar,1 jam yang lalu
youtube,I love your songs Justin❤ keep singing please,1 jam yang lalu
youtube,"SO good,talented, pared down. LOVE THIS",1 jam yang lalu
youtube,those boots though,1 jam yang lalu
youtube,"Justin Bieber , hallelujah 💕",1 jam yang lalu
youtube,"he's so natural 🥺😊 u can tell this is what he loves and also sadly, what hurts him😢",1 jam yang lalu
youtube,3:06 AURA,1 jam yang lalu
youtube,"So after seeing this, I randomly googled his age and realized I'm only 3 years older than Justin Bieber? IDK why my whole life I felt like he was almost 10 years younger than me...weird. 

Anyway. He seems like he's doing better these days. That's good.",1 jam yang lalu
youtube,"Best ending Ever⚡️
      The Biebs💛",1 jam yang lalu
youtube,❤🔥🙌,1 jam yang lalu
youtube,Welcome back Bieber :),1 jam yang lalu
youtube,Incredible! Look at his nervous system - so relaxed. Unbelievable!,1 jam yang lalu
youtube,💜🫶🏻😊,1 jam yang lalu
youtube,im waiting for them to upload other songs he performed ❤,1 jam yang lalu
youtube,💜,1 jam yang lalu
youtube,Merece todos lo mejor y bonito que está viviendo en esta actualidad bieber 😊❤,1 jam yang lalu (diedit)
youtube,"That stage was made for his performance. Whoever did that, good job!",1 jam yang lalu
youtube,wdf are those boots,1 jam yang lalu
youtube,Wonder what he was telling mcgee ?,2 jam yang lalu
youtube,He is looking happy and well. The camera person did such a great job with capturing the whole vibe he carries,2 jam yang lalu
youtube,The closer and closer and closahhhhh hits me in my chest ❤ he deserves everythinggggg,2 jam yang lalu (diedit)
youtube,a wordclass talent!!😍,2 jam yang lalu
youtube,🔥☝️,2 jam yang lalu
youtube,JUSTIN BIEBER ❤💯❤️‍🔥🎶🙌🏻 espere tantos años para verlo otra vez...,2 jam yang lalu (diedit)
youtube,He looks really happy for the first time in long time  👏👏👏,2 jam yang lalu
youtube,"Can we agree that the issue is not the effort put into it but the fact that EVERYONE is comparing it with Sabrina Carpenter's performance? I mean, they are two completely different styles and vibes so why compare it because of the ""effort""?",2 jam yang lalu
youtube,"nothing has ever made me  even remotely care about,  let alone wish i was at coachella, until this performance, this was like heart touching and awesome.",2 jam yang lalu
youtube,This healed something in him,2 jam yang lalu
youtube,Amei❤,2 jam yang lalu
youtube,Camera woman the only thing great of his show,2 jam yang lalu
youtube,GUYS HELP I KEEP OPEN THIS VIDEO EVERY SINGLE HOUR OF THE DAY EVER SINCE IT GOT UPLOADED,2 jam yang lalu
youtube,Sometimes people just need authenticity and this was it.,2 jam yang lalu
youtube,i'm just listening to this in the background at work and i thought it was the track then i heard a slight difference... he sounds amazing live!!! it's nice to finally see him happy and healthy!,2 jam yang lalu
youtube,i wanna get closer and closer and CLOSAAAAAR,2 jam yang lalu
youtube,Amo Justin Bieber,2 jam yang lalu
youtube,Siaka fire 🔥 burn burnddem Fik fire 🔥,2 jam yang lalu
youtube,Suban el recital entero por favor!!!!❤,3 jam yang lalu
youtube,Bieber ❤❤,3 jam yang lalu
youtube,Love❤up❤to ❤Justin❤,3 jam yang lalu
youtube,I love Justin Bieber ❤,3 jam yang lalu
youtube,I love his voice live. Uhhhh,3 jam yang lalu
youtube,Closer and closer and closaaaah,3 jam yang lalu
youtube,Dónde está el video completo? Es real?,3 jam yang lalu
youtube,I love this kid. He's just a beautiful person.,3 jam yang lalu
youtube,I wanna see the full set. Why is there no live video for him??,3 jam yang lalu
youtube,So awesome,3 jam yang lalu
youtube,How is he SO FINE?!? It doesn't even make sense !!,4 jam yang lalu
youtube,"nice song and performance. A question I ask myself is, Justin Bieber has been singing for 15 years, how is that possible that his singing hasn't gotten any better?",4 jam yang lalu
youtube,And Finely He Provided That He sill Owns the The Whole Artists including your Sidhu And aujla ❤,4 jam yang lalu
youtube,Best ❤,4 jam yang lalu
youtube,Justin is Justin only his prevents is enough,4 jam yang lalu
youtube,"First of all, I have loved this song since the moment it came out. Every time it comes on the radio I blast it as loud as I can. Thanks Justin for sharing your musical gifts with us. It’s been a revelation, watching you mature into the performer you are now. Don’t listen to the haters. They aren’t worth a second of your time. Keep making great music the way you want to. Take care of your beautiful wife and your beautiful baby. You are living a great life and you deserve it.",4 jam yang lalu
youtube,Petition to make a CLOSAHHHH remix,4 jam yang lalu
youtube,listen on repeat,4 jam yang lalu
youtube,❤❤❤❤❤❤,4 jam yang lalu
youtube,❤❤❤,4 jam yang lalu
youtube,JB is AMAZING!!! ❤❤❤,4 jam yang lalu
youtube,C’était courageux et efficace ❤,4 jam yang lalu
youtube,♥️,4 jam yang lalu
youtube,Authentic.,4 jam yang lalu
youtube,amo esse caraaaaaaaaaa,4 jam yang lalu
youtube,GOAT,4 jam yang lalu
youtube,goat,4 jam yang lalu
youtube,😂😂😂,4 jam yang lalu
youtube,Justin is at it again. Angelic voice!!,4 jam yang lalu
youtube,"Atletico to win ucl and return for France to win the world cup, then balon dor",4 jam yang lalu
youtube,❤❤❤❤,4 jam yang lalu
youtube,Boys got a whole generation of girls fallin in love with him and a whole other generation falling in love with him all over again,4 jam yang lalu
youtube,"It’s crazy having grown up with this man, being the same age, being through the same life stages as him. So amazing to see him with that spark and joy for music he once had as a kid.",4 jam yang lalu
youtube,Goosebumps,4 jam yang lalu
youtube,Shocking outfit,4 jam yang lalu
youtube,❤❤❤❤❤jbbbbb,4 jam yang lalu
youtube,BIEBERCHELLA,4 jam yang lalu
youtube,justin is the greatest of all time,5 jam yang lalu
youtube,for the people calling this lazy - you clearly have no trauma,5 jam yang lalu
youtube,Keep dreaming? It’s Bayern winning ucl tho 😮🎉,2 jam yang lalu
youtube,Its nice to seen you back at the stage owning your time ❤️❤️❤️❤️❤️❤️❤️❤️❤️,5 jam yang lalu
youtube,❤,5 jam yang lalu
youtube,Bieberchella is what we all needed ❤️,5 jam yang lalu
youtube,justin i will marry you,5 jam yang lalu
youtube,justin the closer and closer bit made me so so happy,5 jam yang lalu
youtube,he should have gotten the 10 million for this performance alone,5 jam yang lalu
youtube,powerful,5 jam yang lalu
youtube,Sooo gooooood. 🤗🤗,5 jam yang lalu
youtube,"How many times have you watched this? 

Me: YES.",5 jam yang lalu
youtube,What a guy,5 jam yang lalu
youtube,"Omg 😁 the other performances just feel so fake and generic compared to his performance 
I know people can feel it - there’s a certain vibe 😊 it’s just awesome",5 jam yang lalu
youtube,does anyone know where his top is from,5 jam yang lalu
youtube,I love you so much.  JUST.  Bieber song,5 jam yang lalu
youtube,I am so happy❤❤,5 jam yang lalu
youtube,"This song made me a fan , I'm looking forward to his new music 💯",5 jam yang lalu
youtube,Need this version on spotify TODAY,5 jam yang lalu
youtube,Good to see him smile,5 jam yang lalu
youtube,Now I know what Bieber Fever is 😊,5 jam yang lalu
youtube,His voice is so special,5 jam yang lalu
youtube,🫶🫶,6 jam yang lalu
youtube,Spectacular. This is Art.,6 jam yang lalu
youtube,"Despite his downs, I’ve always loved J. Bieber. Always been a fan, always knew he would make it on the other side better. This brings pure happiness, watching him vibe, dance, sing, smile. That smile is the best. Proud of you and your ups and downs. You’ve come out on top!",6 jam yang lalu
youtube,He's BACK !!!! WE'VE MISSED YOU JUSTIN ❤,6 jam yang lalu
youtube,PROUD TO BE A TRUE BLIEBER.... NOT LIKE A TRENDING PAGE FAN.,6 jam yang lalu
youtube,CameraWOMAN yallllll!!! That's why it's so good,6 jam yang lalu
youtube,The positive vibes,6 jam yang lalu
youtube,My favorite video of all time,6 jam yang lalu
youtube,❤️🙏🏻❤️,6 jam yang lalu
youtube,Iconic this,7 jam yang lalu
youtube,love watching him happy,7 jam yang lalu (diedit)
youtube,His voice🤩,7 jam yang lalu
youtube,Heal ❤,7 jam yang lalu
youtube,Te amo Justin ❤,7 jam yang lalu
youtube,COMO PODI SER TAN PERFECTO JUSTIN WEON 😩😍,7 jam yang lalu
youtube,goat,7 jam yang lalu
youtube,He is my childhood crush and beautiful memories:) I love him,7 jam yang lalu
youtube,I think this performance turned me into a fan.,7 jam yang lalu
youtube,❤,7 jam yang lalu
youtube,Unhinged,7 jam yang lalu
youtube,❤❤❤,7 jam yang lalu
youtube,nice <3,6 jam yang lalu
youtube,Same. His talent is undeniable but his music has never been for me. This song though 🔥,5 jam yang lalu
youtube,Superbowl this guy next time 🔥🔥🔥,7 jam yang lalu
youtube,Love 🫶 JB music ❤,7 jam yang lalu
youtube,Incredible guy,7 jam yang lalu
youtube,"1:25 
Just a Little Detail but makes this Great Song so much better 😮",7 jam yang lalu (diedit)
youtube,Show icônico,7 jam yang lalu
youtube,So much better than the original version,7 jam yang lalu
youtube,"The best fan interaction, so pure and wholesome  ❤❤❤",7 jam yang lalu
youtube,"Gosh, the camera, the guitar, the song’s version, Justin, whose dream of a wife and a child came true.. all blending perfectly together.",8 jam yang lalu
youtube,Where can I watch the whole set on YouTube? They did record it. I can't find it the live coachella videos.,8 jam yang lalu
youtube,🫶🏽🎵🇧🇷,8 jam yang lalu (diedit)
youtube,"Eminems younger brother? , he must live his bed , ever song just about had the words “bed” in them 😅",8 jam yang lalu
youtube,rebrand of the century,8 jam yang lalu
youtube,love you,8 jam yang lalu
youtube,nice,8 jam yang lalu
youtube,くるしいけどさ生きていきぬこ,8 jam yang lalu
youtube,ばんしないでね,8 jam yang lalu
youtube,Me encanta su voz💜,8 jam yang lalu
youtube,Closer and closer and closaaaaaaaaaahhh❤,8 jam yang lalu
youtube,Playin over and over again,8 jam yang lalu
youtube,Soooo STYLISH 🔥,8 jam yang lalu
youtube,"This performance is absolute cinema! The production feels like a full music video, the crowd energy is amazing, the lighting is insane, and the fireworks at the end made the whole moment even crazier. Been playing it on repeat all day on max volume with headphones.",8 jam yang lalu
youtube,"Love Justin, love Coachella",8 jam yang lalu
youtube,So happy to see him happy,8 jam yang lalu
youtube,Justin is amazing without all the fluff. True Artist. Go Justin!!,8 jam yang lalu
youtube,"Hey, do everyone a favor and just post his full performance please or at least stop taking down/copyrighting those who share the full performance. Some people aren’t able to stay up until 2am. You are missing out on views !!!",8 jam yang lalu
youtube,camera girl ❤❤,8 jam yang lalu
youtube,lenda viva,9 jam yang lalu
youtube,Really good for him,9 jam yang lalu
youtube,This song is not about hailey it’s about another girl poor stalker fan thinks justin is cheating on her that’s why she cut the all women’s list at Coachella,9 jam yang lalu
youtube,He was absolutely fantastic,9 jam yang lalu
youtube,PLEASE make this downloadable. I just want to blast it in my car driving down PCH with the ocean breeze blowing through my hair.....,9 jam yang lalu
youtube,The new Dasies music video is sickkkkk,9 jam yang lalu
youtube,great,9 jam yang lalu
youtube,Justiiiiin!!!!,9 jam yang lalu
youtube,what it feels to be hailey Bieber ❤️,9 jam yang lalu
youtube,❤❤❤❤,9 jam yang lalu
youtube,😅😅😅,9 jam yang lalu
youtube,Perfect.,9 jam yang lalu
youtube,Best,9 jam yang lalu
youtube,"Justin🎉🎉🎉🎉🎉❤❤❤❤❤
It's time to listen to some emotional rock music from me, come sing on my channel",9 jam yang lalu
youtube,He told you that?,9 jam yang lalu
youtube,Please upload justin biber full performance,10 jam yang lalu
youtube,No puede ser lo lindo que está,10 jam yang lalu
youtube,"The performance was great, but I think Sabrina  lipped sing.",10 jam yang lalu (diedit)
youtube,❤❤❤❤❤❤❤❤ Bieber fever is incurable babeeeeeee,10 jam yang lalu
youtube,Besttttttt performance ❤❤❤ i should've sold my sister so i could go to coachella 😩,10 jam yang lalu
youtube,Extremely love this song .. i asked millions times to the radio .. i think they have blocked me hahaha ❤❤❤,10 jam yang lalu
youtube,❤❤❤❤❤❤,10 jam yang lalu
youtube,He is wonderfully perfect after so much his voice is still the same it is incredible and on the other hand the good work of the cameraman🩶😮‍💨,10 jam yang lalu
youtube,gg,10 jam yang lalu
youtube,1:26 😮‍💨,10 jam yang lalu
youtube,1:27 😮‍💨,10 jam yang lalu
youtube,Bieber fever is real 💜,10 jam yang lalu
youtube,แค่กลับมาขึ้นมาขึ้นเวทีก้ดีใจมากแล้ว,10 jam yang lalu
youtube,wow,10 jam yang lalu
youtube,This performance is all im listening to these days ❤,10 jam yang lalu
youtube,Im inlove with life again! Justin I hope you can understand how much you healed all of us with this performance! Im just happy to be alive and able to enjoy this over and over again.,10 jam yang lalu
youtube,"Chanel @Franstixa
Will be Drop PRIVATE Music after 1K+ Subscribe🔥🔥🔥🔥🔥🔥🔥🔥🔥🔥🔥🔥🔥🔥🔥",11 jam yang lalu
youtube,🎉🎉🎉❤,11 jam yang lalu
youtube,He looks so happy 😊,11 jam yang lalu
youtube,"You can tell this is how he also sings around probably at home or in the studio. He brought that same type of setup and transitioned it into a show, he brought the audience behind the curtain and tried to connect with them more than just some tired old rehearsed repeated show. He made it about the music, while creating a laidback chill ""in your buddies living room while he sings"" environment.",11 jam yang lalu (diedit)
youtube,Luar biasa pengambilan gambar👏👏,11 jam yang lalu
youtube,🙏🏻🙏🏻❤️❤️🌹🌹🇨🇦⭐️🇺🇸🌝🇹🇭🌞🇩🇪💖💐,11 jam yang lalu
youtube,"Good for him!!! What an accomplishment. After all he’s been through, this was heart warming to watch!",11 jam yang lalu
youtube,hes one of the few thats actually better live,11 jam yang lalu
youtube,Camera woman knows how to do with JB🥰,11 jam yang lalu
youtube,you can hear his smile in ' closer and closer and closaahhhhhh',11 jam yang lalu
youtube,GOOOOATTTTTTT,11 jam yang lalu
youtube,JB is just him like wow,11 jam yang lalu
youtube,nearly at 8 m!!! JB's done it again!!!,11 jam yang lalu
youtube,Mi piace è vestito 😅,11 jam yang lalu
youtube,I love this!,11 jam yang lalu
youtube,Best performer ever. He could lay down in bed with a microphone on the stage id still pay more and appreciate and love this guy more than anyone else to this day. I’m appreciative to have Justin Bieber here on earth with us. 🎉,11 jam yang lalu
youtube,What a way to end Coachelle! My boy justin!,11 jam yang lalu
youtube,Omg i love him❤🥹,11 jam yang lalu
youtube,🥺,11 jam yang lalu
youtube,Булочка ❤❤❤,11 jam yang lalu
youtube,Justin the Legendary,11 jam yang lalu
youtube,Muso 🇧🇷,11 jam yang lalu
youtube,Love u jb,11 jam yang lalu
youtube,🎉🎉🎉🎉🎉,11 jam yang lalu
youtube,Kameramen : khusus buat jb hehe,10 jam yang lalu
youtube,Big love from Indonesia🎉💜,12 jam yang lalu
youtube,I love seeing him have fun ❤ He is a musical legend walking among us.,12 jam yang lalu
youtube,"2:24 to 2:32 stage lights, camera work and visuals are absolutely unreaaaal",12 jam yang lalu (diedit)
youtube,He makes it look effortless🌟,12 jam yang lalu
youtube,1:26 CLOSER AND CLOSER AND CLOSAAAAHHH,12 jam yang lalu
youtube,the only set i wanted to watch,12 jam yang lalu
youtube,Best Performance of the Year,12 jam yang lalu
youtube,i am obssessed with this video,12 jam yang lalu
youtube,Justin is a natural talent,12 jam yang lalu
youtube,Knock one out of the park again. ❤❤❤,12 jam yang lalu
youtube,Is there a full video of Justin’s entire performance? Can’t find it 😢,12 jam yang lalu
youtube,What an actual legend. The camerawork on this performance is everything.,12 jam yang lalu
youtube,The young people of today is like a wasting life away worship music. Never in life did the people worship one person for a song.,12 jam yang lalu (diedit)
youtube,Quem aí é do Brasil?!!!!,12 jam yang lalu
youtube,Quem aí é do Brasil?!!!!,12 jam yang lalu
youtube,Why he dressed like a medieval peasant,12 jam yang lalu
youtube,I love this! ❤,12 jam yang lalu
youtube,CLOSAHHHHH,12 jam yang lalu
youtube,Браво Джастин❤❤❤Бесподобное выступление🎉🎉🎉,12 jam yang lalu
youtube,Closer and closer and closaaaaa,12 jam yang lalu
youtube,Only! 🫶🏻🌹🙌🏻👑🇦🇷,12 jam yang lalu
youtube,EXCELLENT IDEA JB❤,12 jam yang lalu
youtube,1:25 absolute goosebumps he looks so happy again huge w💯,12 jam yang lalu
youtube,That guitar playing is shockingly terrible,12 jam yang lalu
youtube,One of My favorite beiber songs esp shen travelling. ❤ Thank you for this masterpiece,12 jam yang lalu
youtube,"Art, just like how it should be",12 jam yang lalu
youtube,"Great guitar by Mk Gee, Great performance and voice by Justin Bieber, Great càmera by ??? Thanks so much!!!",12 jam yang lalu
youtube,This feels soo good ❤,13 jam yang lalu
youtube,I really like how Justin turned into a artist making authenticated music,13 jam yang lalu
youtube,IMO - this is the most exciting song Justin has performed in many  years.  Far more lively and dynamic and with more popular appeal.  Makes me want to dance.,13 jam yang lalu
youtube,Coachella has been ruined by commercialism and influencer corruption. Just look at the performances from 1999 and compare it to now. This has to stop.,13 jam yang lalu
youtube,"1:23 
Never saw him that happy in a while",13 jam yang lalu
youtube,존나 멋있어서 눈물나온다,13 jam yang lalu
youtube,Bieberchella salvando o Justin e nós também ❤,13 jam yang lalu
youtube,An sakna lai tak kha sak tir ve ta che 😂,13 jam yang lalu
youtube,Nós te amamos Justinnnn ❤,13 jam yang lalu
youtube,Bieber Fever never ends ♾️,13 jam yang lalu
youtube,closer and closer and closahhhhhhhhhhhhh,13 jam yang lalu
youtube,"1:20   Closer, closer and closaaaaaa❤",13 jam yang lalu
youtube,"REFRESHING, HAPPY HE'S HAPPY... VERY INVIGORATING 💯",13 jam yang lalu
youtube,It's the best part of the performance by far. What were you listening to?,11 jam yang lalu
youtube,PURE JOY VIBES 💜💜💜,13 jam yang lalu
youtube,Since One Time <3 Forever gonna love JB!,13 jam yang lalu
youtube,"Justin Bieber big fan here
👇",13 jam yang lalu
youtube,The best ❤,13 jam yang lalu
youtube,❤❤❤❤,14 jam yang lalu
youtube,this is my Super Bowl,14 jam yang lalu
youtube,THE AMOUNT OF TIME I HV WATED THIS IS UNHEALTHYY!!!!!!,14 jam yang lalu
youtube,Pop shows dont need to look like a circus with half naked performers to be great af ❤just music and love for the art,14 jam yang lalu
youtube,❤❤❤❤❤❤❤❤❤,14 jam yang lalu
youtube,❤❤❤❤❤❤❤❤❤,14 jam yang lalu
youtube,Hard to describe how good mckee sounds good also😮‍💨😮‍💨😮‍💨,14 jam yang lalu
youtube,"live band is just so good, it makes a song more alive 🥹🫶🏼",14 jam yang lalu
youtube,"Love you Justin, keep healing baby!",14 jam yang lalu
youtube,He looks like Henry Rollins.,14 jam yang lalu
youtube,🎉🎉🎉🎉🎉🎉,14 jam yang lalu
youtube,Videographer did amazing job.,14 jam yang lalu
youtube,❤,14 jam yang lalu
youtube,❤❤❤,14 jam yang lalu
youtube,Closer and Closer and Closaaahh 🥶,14 jam yang lalu (diedit)
youtube,camera woman did amazing i cannot stop thinking and dreaming and singing this song brcsuse of this video alone!!!,14 jam yang lalu
youtube,"I don't get it, but to each their own.",14 jam yang lalu
youtube,I love how as we get older we stop trying to have pretty hair and are just like short and clean is all we need lol. No matter what race.,14 jam yang lalu
youtube,Prince of Pop 🔥,14 jam yang lalu
youtube,LEGEND❤,15 jam yang lalu
youtube,"The camera work is amazing. This performance was so full of hope, JB showed us that there is hope that we can heal too.",15 jam yang lalu
youtube,"This whole set was INSANNNNEEEE.  And you can tell this is where he wanted to be in that moment more than anything else.  When an artist gets to shine , it’s my fave thing to watch! 😢",15 jam yang lalu
youtube,1:26,15 jam yang lalu
youtube,❤❤,15 jam yang lalu
youtube,"C'mon Coachella, upload the full set!!!",15 jam yang lalu
youtube,Justin Boober.,15 jam yang lalu
youtube,Hermosa voz lo amo❤,15 jam yang lalu
youtube,❤❤❤,15 jam yang lalu
youtube,Go Beebs.,15 jam yang lalu
youtube,"And I never thought Justin will ever be grown up,  married, have a kid like this❤",15 jam yang lalu
youtube,TE AMOOOOOO JUSTINHO,15 jam yang lalu
youtube,"God bless you dear❤
God bless your voice dear❤",15 jam yang lalu
youtube,"I’ve literally never been a Bieber fan ever, and even I have this on repeat",15 jam yang lalu
youtube,Maravilloso valiente y talentoso Justin❤️❤️❤️❤️❤️❤️,15 jam yang lalu
youtube,"If I could get in drop me a pin
Hop in the — and come over
Don't wanna be friends just skin to skin
I wanna get closer and closer and closer",15 jam yang lalu
youtube,"When I first heard this song playing on the radio I thought to myself ""Man, Mk.gee has really made it, EVERYBODY is copying his sound!"" but now I've come to find that it was a legit collaboration with the man himself! CRAZY!!! Either way, Mk. gee has been making tsunamis in the industry",15 jam yang lalu
youtube,Слушать его вживую - кайф❤,16 jam yang lalu
youtube,what i like on this concert is being raw and talented of this artist justin,16 jam yang lalu
youtube,"""Closer and closer and closaaahhh"" 😩✨",16 jam yang lalu
youtube,"Lazy?! I loved this performance, he actually sang, he opened up his heart and soul to the audience and was incredibly vulnerable. It was a powerful performance.  I love to see Justin living his life on his terms and performing on his terms. Standing ovation from me Mr Bieber!!",16 jam yang lalu (diedit)
youtube,https://youtu.be/He9WmjUvpJ8?si=XbzrGNWiIEHwA4d5😊😊https://youtu.be/nGMD8Qi_0Rg?si=gSzjEs6InuR2Ya8P🎉🎉🎉😂❤❤❤,16 jam yang lalu
youtube,"Omg the colours and the lighting ❤ camera guy omg I wish I could see life through your eyes, this is stunning!!!",16 jam yang lalu
youtube,❤️,16 jam yang lalu
youtube,is that mk.gee!?,16 jam yang lalu
youtube,I dint went to cochella but I'm crying how good this is and I love him ❤❤❤❤❤❤,16 jam yang lalu
youtube,Ready for a Justin bieber superbowl!,16 jam yang lalu
youtube,Hope I can perform at coachella!,17 jam yang lalu
youtube,Jb❤,17 jam yang lalu
youtube,how to get out of this performance???????😊,17 jam yang lalu
youtube,Woooooow!!! Just woooooow!!! 😍😍😍,17 jam yang lalu
youtube,Everything is so perfect.,17 jam yang lalu
youtube,CLOSER AND CLOSER AND CLOSAAAHHH,17 jam yang lalu
youtube,BEST PRESENTATION EVEEER FOREVER BELIEBER. <3,17 jam yang lalu
youtube,that one shot will make googlee year end review,17 jam yang lalu
youtube,😊😊😊😊❤❤❤❤,17 jam yang lalu
youtube,i love how it feels like he finally found the happiness and peace for performing here. i feel like i also healed from seeing him being so happy again,17 jam yang lalu
youtube,closer and closer and closeahh,18 jam yang lalu
youtube,Praise God justin ✨ God is with you always Hallelujah 🔥,18 jam yang lalu
youtube,Guitarist 🔥🔥🔥,18 jam yang lalu
youtube,뜨또 노래 해줘서 고마워 사랑해,18 jam yang lalu
youtube,never cared about coachella until this year ❤,18 jam yang lalu
youtube,everyone forgets that he’s not making money off of his old songs because he sold them so he doesn’t make any royalties so he has no reason to sing them all,19 jam yang lalu
youtube,thank you so much for performing JB!! You're the bestttt !!!,19 jam yang lalu
youtube,"Keep getting better Bieber. They doubt you, but they don't know you. Only you know you and God. Stay smart, make the strong decisions and become your most powerful you.",19 jam yang lalu
youtube,This is hands down his best performance ever. LOVED IT,19 jam yang lalu
youtube,finally got a music video for daisies !,19 jam yang lalu
youtube,"I love Justine's VIBE on stage...... BORN to perform !!!!

Amazing, Thank you Justin🙏🏻",19 jam yang lalu
youtube,"He just needs to sing and be present and it’s worth watching, he’s been singing since he was a baby, he knows what’s up. Go J!",19 jam yang lalu
youtube,Goosebumps 😮I'm singing it every minute god so good to hear  bless u JustinBieber 🙏,19 jam yang lalu
youtube,WW guitar work,19 jam yang lalu
youtube,2 goats,19 jam yang lalu
youtube,I really HATE the shaved head,19 jam yang lalu
youtube,❤❤❤❤❤❤❤❤❤❤❤❤❤❤❤❤❤❤❤❤❤❤❤❤,19 jam yang lalu
youtube,This song rlly sounds good in livee,19 jam yang lalu
youtube,He got His strength from God🙏 his soul is still Justin,19 jam yang lalu
youtube,Please Coachella can we watched the full video performance of Justin please 🥺,19 jam yang lalu
youtube,"🇫🇷MONROE - Regarde🎶 Eurovision 2026 France.

Check the ""Best Songs of ESC"" playlist in my channel for more songs like this.",18 jam yang lalu
youtube,"And ""Hard Rock Hallelujah"" is the legend🤘🏻",18 jam yang lalu
youtube,"🇫🇷MONROE - Regarde🎶 Eurovision 2026 France.

Check the ""Best Songs of ESC"" playlist in my channel for more songs like this.",18 jam yang lalu
youtube,Same !,17 jam yang lalu
youtube,same,16 jam yang lalu
youtube,ICONIC KING✨✨,19 jam yang lalu
youtube,Lip sync trolling...,20 jam yang lalu
youtube,じゃすてぃんびーばー、かっこいい🎵🧡,20 jam yang lalu
youtube,Finally some who can sing,20 jam yang lalu
youtube,justins the one person that didnt fall off as he grew up,20 jam yang lalu
youtube,Justin and MK.gee  are magic.  Love the sound of the guitar with Justin’s voice.,20 jam yang lalu
youtube,Beautiful ❤️,20 jam yang lalu
youtube,My Bieber fever is back. Love this version!!,20 jam yang lalu
youtube,great work of the camera woman!! <3,20 jam yang lalu (diedit)
youtube,"At 2:19 you can see him be one with the music, find the beat and become the young Biebs again. It’s truly beautiful",20 jam yang lalu
youtube,❤,20 jam yang lalu
youtube,"The camerawork in this performance captured some of Justin Bieber’s most beautiful moments — like when he spun around in a circle, carefree and playful, almost like a boy again. And those low-angle shots from the ground up made him look so powerful — standing firmly on his own two feet, fully himself: a strong, grown man, yet still youthful, a little rough around the edges.

Especially the moment with Bieber sitting under the sky and fireworks was absolutely stunning. That playful, mischievous look straight into the camera connecting not just the Coachella crowd, but millions of people watching around the world together 🤩🤩🤩

Welcome back, bro❤❤❤. Wishing you and your family good health and true happiness. Keep smiling like that 😘😘😘",20 jam yang lalu (diedit)
youtube,Best video of 2026❤,20 jam yang lalu
youtube,May God continue healing his heart 🤍 Hallelujah Hallelujah!!!!! 🙌,20 jam yang lalu
youtube,Good to see jb better days are coming,20 jam yang lalu
youtube,I love when artists just SING . Sometimes the flashy production stuff isn't needed,20 jam yang lalu
youtube,Glory be to God!!!!! Hallelujah  Hallelujah!!!!!!!!,20 jam yang lalu
youtube,My Baby 🥹❤️  @justinbieber   Love you JB 🥰,20 jam yang lalu
youtube,Please Release more Videos from him,20 jam yang lalu
youtube,Omg i haven’t seen him smile in so long. ❤ love you Justin,20 jam yang lalu
youtube,"Yeah he definitely did, stop lying to yourself ts is cringe 💯",19 jam yang lalu
youtube, @grizzlyslayer4700 he “fell off”yet he’s getting more streams than he ever did ? Lol,17 jam yang lalu
youtube,"Blasphemer, repent before it is too late. Amen",19 jam yang lalu
youtube,can't stop watching 😖,20 jam yang lalu (diedit)
youtube,Watching him grow up makes this show so emotional. He is loved by so many. Sending him so much peace and happiness in his future! 💙,20 jam yang lalu
youtube,the world could absolutely use a little more of Justin Bieber today,20 jam yang lalu
youtube,Closer and closer and closaaahhhh!,20 jam yang lalu
youtube,"No way he’s back…..that’s how you do it dawg. Back better than ever, with gods grace",21 jam yang lalu
youtube,He is just so talented ❤,21 jam yang lalu
youtube,Aura in the simplest powerful form 💯,21 jam yang lalu
youtube,Bro really committed to keeping his hair short,21 jam yang lalu
youtube,彼が歌ってくれているのがただ嬉しい。ずっと応援してる。いつでも彼は才能溢れて格好いい。沢山の困難を超えて歌い続けてくれてありがとう。大好き。,21 jam yang lalu
youtube,TE AMO CON TODO MI CORAZÓN Y PARA SIEMPRE😭😭😭😭💜💜💜,21 jam yang lalu
youtube,"Closer, closer and closaaaaa 😍",21 jam yang lalu
youtube,If this is lazy go watch Justin Timberlake performing in Romania at Electric Castle 2025 to see what lazy really means.,21 jam yang lalu
youtube,Omg,21 jam yang lalu
youtube,"AI could never
Great camera, great song, great energy and people sharing love",21 jam yang lalu
youtube,Insane talent always has been. And now he is free doing his thing the way he wants. ❤ he will rise to steroid heights now. Watch out😊,21 jam yang lalu
youtube,Это песня Ивана Дорна целовать другого только в другой интерпретации послушайте,21 jam yang lalu
youtube,"This is definitely insane,, i love ya justin!!",21 jam yang lalu
youtube,"I love this guy!!!, and I’m 73!! He is adorable!!",21 jam yang lalu
youtube,Amo,21 jam yang lalu
youtube,Wasn’t it just the influencers who were complaining? Genuinely asking? So many on TikTok complaining.,21 jam yang lalu
youtube,Best part. 😭😭,19 jam yang lalu
youtube,Awesome he is so deserving Im 60y and love this for him❤,21 jam yang lalu
youtube,Great show 👌🔥🔥🤔,21 jam yang lalu
youtube,💜💜💜💜,21 jam yang lalu
youtube,OUR GUY IS BACK! WHAT A GREAT PERFORMANCE!,21 jam yang lalu
youtube,THERE ARE NO WORDS......THIS IS AMAZING!,21 jam yang lalu
youtube,Just got bieber fever all over again 😍🫶😚,22 jam yang lalu (diedit)
youtube,"Canta muy bonito , es un gran Artista , el gran amor de mi hermana menor , resaltó su madurez y talento.",22 jam yang lalu (diedit)
youtube,Hearing his smile in the song is nothing short of amazing ❤,22 jam yang lalu
youtube,🎀🎀🎀🎀,22 jam yang lalu
youtube,❤❤❤,22 jam yang lalu
youtube,GOOOOOOOOOOOOAAAAAAAAAAAAAAAAT,22 jam yang lalu
youtube,Chills😉👏👏👏,22 jam yang lalu
youtube,"This is such a cool way to film a performance. Awesome choreography, framing and use of lighting. Love it.",22 jam yang lalu
youtube,Hii,22 jam yang lalu
youtube,I love you Justin ❤❤❤❤❤❤,22 jam yang lalu
youtube,Omg the closer and closer part,22 jam yang lalu
youtube,Justin was playing around on YouTube because they sponsored the event. Coachella will strem live Sunday on Youtube and other shows will be available after.,22 jam yang lalu
youtube,Truth love,22 jam yang lalu
youtube,O love youuuuuuuuuuuuu,22 jam yang lalu
youtube,This healed my soul 🫶🏼😍,22 jam yang lalu
youtube,😎  🐈!,22 jam yang lalu
youtube,These people superstars are surrounded with too much noise that they go super minimalistic,22 jam yang lalu
youtube,I love this song 🎵 ❤️,22 jam yang lalu
youtube,미쳤어 너무 좋아 영상도 영화같아,23 jam yang lalu
youtube,"Modeling healing and moving thru trauma, shame, and perseverance. This process is something the generations before him were never  taught. Mad respect and wish only the best for JB!!!",23 jam yang lalu
youtube,I just kept thinking “please do one less lonely girl” 😭,23 jam yang lalu
youtube,Cant get over this performance 🥹🤍🤏🏻,23 jam yang lalu (diedit)
youtube,The sound person who approved of those levels need to be fired.,23 jam yang lalu
youtube,To all the ppl supporting JB thank you so much 🥺❤️,23 jam yang lalu
youtube,“hailey” the luckiest girl on earth 😭,23 jam yang lalu
youtube,Justin xo,23 jam yang lalu
youtube,The way he dresses speaks so loudly.,23 jam yang lalu
youtube,Omy ghoddd,23 jam yang lalu
youtube,"How can you think a performance is genuinely bad when you see an artist completely in their element, happy, and just fully immersed in the music and the moment with the fans? Especially someone who for a lot of his life has not been at peace, content, or in control of his own art. I get it not being your style of music, not being a fan of him, and/or not approving of some of the things he’s done. He doesn’t really fall into what I tend to listen to either, but it’s still an objectively solid performance. Plus, I can’t hate on anything when someone has a genuine smile and has that look of pure joy in their eyes. Everyone should have a moment where they get to feel that. So, I’m always going to root for those instances. The level of hate it’s getting just seems unwarranted. In my opinion if it wasn’t such a controversial and polarized artist/fandom I don’t think it would’ve gotten the same response. I’m not sure if that makes sense how I’m writing it, but hopefully you can see what I’m aiming for.",23 jam yang lalu
youtube,So Mike actually played with them?? Holy moly. 🖤,23 jam yang lalu
youtube,Great video! Really enjoyed it.,23 jam yang lalu
youtube,Love this for Justin❤,23 jam yang lalu
youtube,"Yall do realize he sacrificed his childhood and innocence for us to have our own outlet of happiness in our own childhoods
I rlly feel like I grew w him in every aspect",23 jam yang lalu (diedit)
youtube,This is gonna easily do 24M views in the next month,23 jam yang lalu
youtube,"Hands in the aaaaiiiiirrrrrrrrrrr u mfkrsssss dafar dafar buffeerrrrrr kkamammmaaarrrrrr...........,.. yeaaaaaa",23 jam yang lalu
youtube,Soothing my soul ❤ ☮️,23 jam yang lalu
youtube,"I can’t stop coming back to this version, the guitar sounds unreallll",23 jam yang lalu
youtube,Such an ending tho,1 hari yang lalu (diedit)
youtube,He needed to express pain and begin to heal by going back and facing memories. ❤,1 hari yang lalu
youtube,Im happy for you Bieber 😢😊,1 hari yang lalu
youtube,Closer and closer and closaaaah 🤯🤯,1 hari yang lalu
youtube,JB and cameraman is amazing.🙌🙌🙌🔥,1 hari yang lalu
youtube,I love you JB forever and always ❤❤❤ so happy to see him smile that brought tears to my eyes,1 hari yang lalu
youtube,Absolutely fantastic!,1 hari yang lalu
youtube,🎉,1 hari yang lalu
youtube,He needs to post the Coachella versions of these songs on Spotify,1 hari yang lalu
youtube,POPSTAR EVEEEEER,1 hari yang lalu
youtube,It's total talent,1 hari yang lalu
youtube,SAY HELLO ARCHIE. HES A DALMATIAN MASTIFF,1 hari yang lalu
youtube,NAH IM NOT GOING TO COACHELLA. ITS BIEBER. SEE MY DOG HE LIVES ON THE PORCH. MY HOUSE IS 1032 FETTERLY AVE EAST LOS ANGELES CALIFORNIA 90022,1 hari yang lalu
youtube,Su voz ❤,1 hari yang lalu
youtube,❤❤❤❤,1 hari yang lalu
youtube,Great album!,1 hari yang lalu
youtube,I thought its was MUSIC VIDEO...,1 hari yang lalu
youtube,So proud of u JB,1 hari yang lalu
youtube,❤❤❤,1 hari yang lalu
youtube,I AGREE!,21 jam yang lalu
youtube,"It’s hard to describe
how good it sounds.",20 jam yang lalu (diedit)
youtube,That is some Mk.gee magic,1 jam yang lalu
youtube,He should have stopped the performance and sacked the guitar player on the spot,12 jam yang lalu
youtube,I wish he had this version in a video the way he emphasizes on the words.,1 jam yang lalu
youtube,🔥🔥🔥🔥🔥🔥,1 hari yang lalu
youtube,"MILLENIAL MOMS WATCHING FROM HOME! Before we were moms, we were Beliebers!!!",1 hari yang lalu
youtube,❤,1 hari yang lalu
youtube,I love seeing Beiber performing again!,1 hari yang lalu
youtube,JUSTINNNNNNN❤❤❤😭😭😭,1 hari yang lalu
youtube,"Bieber was so good! The voice is like butter, so smooth!😊❤❤❤",1 hari yang lalu
youtube,I like the vibe,1 hari yang lalu
youtube,JB still the man.,1 hari yang lalu
youtube,É o Justin,1 hari yang lalu
youtube,That smile while he’s singing is tearing me up i can’t explain it why 🥹❤️‍🩹✨,1 hari yang lalu
youtube,Could’ve chosen a begged bassist,1 hari yang lalu
youtube,Our Bieber 🥰🥰🥰,1 hari yang lalu
youtube,Beliebers know it’s been a while since we seen him look this happy 🤍 it’s everything,1 hari yang lalu
youtube,Closer closer and closaaaaah,1 hari yang lalu
youtube,How many weeks does it take to set that stage up?,1 hari yang lalu
youtube,❤❤justin bieber🎉,1 hari yang lalu
youtube,🥹🫶,1 hari yang lalu
youtube,🤩🥰,1 hari yang lalu
youtube,He looks so happy. 🥺😭❤,1 hari yang lalu
youtube,💜💜💜,1 hari yang lalu
youtube,❤❤❤❤,1 hari yang lalu
youtube,"Omg he looks SO happy, and healthy",1 hari yang lalu
youtube,"Ladies and gentlemen, it's a pandemic of Bieber Fever 💜",1 hari yang lalu
youtube,❤❤❤❤❤❤❤,1 hari yang lalu
youtube,"SPOTIFY, COACHELLA, PLZ ADD THIS VERSION 🙏🏻🙏🏻🙏🏻🙏🏻 BEGGING",1 hari yang lalu
youtube,10 M 🫪,1 hari yang lalu
youtube,"How are you hating on one of the biggest artist on earth who knows what performance is?!
The industry did him dirty and this is straight up healing session for him and fans and literally everyone! ❤❤❤❤❤❤",1 hari yang lalu
youtube,Definitely one the best outros of any performer ever!,1 hari yang lalu
youtube,1:25closer and closer and closerahhhh,1 hari yang lalu
youtube,I love you😢,1 hari yang lalu
youtube,Goat,1 hari yang lalu
youtube,"I think im officially a Belieber. Im praying and rooting for you Justin, whatever it is you are going through. ❤ let there be light and heals all your parts of hurt.",1 hari yang lalu
youtube,MkGEEEEEEE!!!,1 hari yang lalu
youtube,He deserves all of this and more <3 So happy to see him out there thriving and doing what he loves,1 hari yang lalu
youtube,Much MORE better than Sabrina carpenter 😂,1 hari yang lalu
youtube,W Mk.Gee,1 hari yang lalu
youtube,I need this on my spotifyyy!!! 😭😭,1 hari yang lalu
youtube,"I’m not crying, you’re… we are all crying! 😭",1 hari yang lalu
youtube,Our man is back again!!!,1 hari yang lalu
youtube,❤,1 hari yang lalu
youtube,❤piense Justin su niño merece crecer viendo un padre sano y feliz 🎉siga luchando,1 hari yang lalu
youtube,❤❤❤❤❤❤,1 hari yang lalu
youtube,so proud of him. so proud :) keep going !!!!!,1 hari yang lalu
youtube,nunca me haran odiarte justin 💜,1 hari yang lalu
youtube,That kid is just incredibly talented. You could put him in an empty room and he could still make something outta nothing.,1 hari yang lalu (diedit)
youtube,fireeeeeeeeeeeeeeeee,1 hari yang lalu
youtube,great justin,1 hari yang lalu
youtube,I love Justin Bieber this my 10 weak friend 💜,1 hari yang lalu
youtube,🦋🎶🦋🎶🦋🎶🦋🎶🦋🎶🦋🎶🦋🫶🦋,1 hari yang lalu
youtube,Gość wyszedł w gumowcach i pozamiatał,1 hari yang lalu
youtube,Yeah well the strait is open tonight.,1 hari yang lalu
youtube,JUST MUSIC AND JUSTIN. A REAL ARTISTS,1 hari yang lalu
youtube,even if he is still like that This video still one of the most viewed  cause he is JUSTIN BIEBER. WE LOVE YOU JUSTIN. GOD BLESS YOU AND YOUR FAMILY.,1 hari yang lalu
youtube,BIEBERCHELLA ❤,1 hari yang lalu
youtube,Just do what make u happy! We love u baby Bieber,1 hari yang lalu
youtube,Gross,1 hari yang lalu
youtube,😍😍😍😍😍,1 hari yang lalu
youtube,Mk.Gee x Justin Bieber would’ve been so awesome to see in person,1 hari yang lalu
youtube,"❌I’m a fellow Ontarian.
First time ever hearing J.B. perform 
…and I just don’t get it 🫤 !!",1 hari yang lalu
youtube,Thank you Justin for healing our inner child!🤘,1 hari yang lalu
youtube,❤,1 hari yang lalu
youtube,"this is so pure, so good, so natural.",1 hari yang lalu
youtube,My shaylaaaaaa ❤❤❤❤❤❤,1 hari yang lalu
youtube,❤❤❤❤,1 hari yang lalu
youtube,Ilove you jussss,1 hari yang lalu
youtube,I need this on Spotify please,1 hari yang lalu
youtube,❤❤,1 hari yang lalu
youtube,The Freddie Mercury of our generation ❤,1 hari yang lalu
youtube,Belibers foreverrrrrrr!!!,1 hari yang lalu
youtube,"3:00
Let’s go 🎉",1 hari yang lalu
youtube,Loved seeing and hearing Justin. Very bubble gum but loved this style for him.,1 hari yang lalu
youtube,Justin Bieber is a Power Bottom!!!!!,1 hari yang lalu
youtube,Closer and closer and CLOSAAHH,1 hari yang lalu
youtube,"Media is wild, this is AMAZING",1 hari yang lalu
youtube,te amo justin te amo mk gee !!!!!!!!!!!!!,1 hari yang lalu
youtube,how many times have I watched this... yes,1 hari yang lalu
youtube,Is that Dan on guitar?!?!,1 hari yang lalu
youtube,everyone is hungry for JB performance live ❤,1 hari yang lalu
youtube,🔥🔥🔥🔥🔥🔥🔥🔥,1 hari yang lalu
youtube,1:26 ❤❤❤,1 hari yang lalu (diedit)
youtube,"me parece a mi ,es un efecto o  q? se escucha alguien cantar y el micrfono llega mas tarde?",1 hari yang lalu
youtube,Me da tristeza no escuchar a nadie cantar 😢 porque yo si me sé todo el álbum nuevo y no sé inglés 😂,1 hari yang lalu
youtube,That was cool,1 hari yang lalu
youtube,"BENDICIONES JUSTIN 
BLESSINGS JUSTIN",1 hari yang lalu
youtube,Lean is not good for you folks! Bieber is a great example!,1 hari yang lalu
youtube,I love him. I think he gets better and better,1 hari yang lalu
youtube,he looks perfect!!! its been so long since he looks like he actually enjoys performing live..,1 hari yang lalu
youtube,Kingdom Hearts 2 outfit,1 hari yang lalu
youtube,Closer & closer & Closaaaah 🔥🔥😵‍💫😵‍💫,1 hari yang lalu
youtube,"He’s the total package: iconic songs, beautiful voice and a captivating stage presence",1 hari yang lalu (diedit)
youtube,i love justin bieber so much,1 hari yang lalu
youtube,❤❤❤❤❤❤❤❤❤,1 hari yang lalu
youtube,Não vão postar o show ao vivo completo?,1 hari yang lalu
youtube,0:14 Legendary guitarist 🎸,1 hari yang lalu
youtube,"Enfim, ele é JUSTIN BIEBER 💜",1 hari yang lalu
youtube,closerANDcloserANDclosuhhhhh,1 hari yang lalu
youtube,King of pop 💜💜💜💜💜💜,1 hari yang lalu
youtube,The scream i scrumpt when I saw Mk.gee tho ❤,1 hari yang lalu
youtube,❤❤❤❤🍃🍃,1 hari yang lalu
youtube,"I am so glad he seems ok now , one of the best artists of our time",1 hari yang lalu
youtube,loveeee,1 hari yang lalu
youtube,"I've been playing this on repeat and sometimes I cry watching! It's magnetic, authentic, raw, and real. We love you Justin! We love you for exactly who you are. Bieberchella!",1 hari yang lalu
youtube,TE AMO JUSTIN.❤,1 hari yang lalu
youtube,"Just when I'm feeling calmer (from the Bieber fever), this king comes back and obsesses me again. Belieber is a promise🥹🫶🏻💜👑",1 hari yang lalu
youtube,1:41 chills going into the transition,1 hari yang lalu
youtube,와 그냥 영화 한장면을 뽑아버리네 미쳤다 이형,1 hari yang lalu
youtube,No me gusta nada nunca m gustó y nose como gusta encima un tacaño en su show,1 hari yang lalu
youtube,Really like!🙌🏽,1 hari yang lalu
youtube,The KING is back💜💜,1 hari yang lalu
youtube,is he really happy or smiling for clickbait ? since i was a teenager all i wished for him is to get out of hollywood and live a happy life. I truly hope he does.,1 hari yang lalu
youtube,the guy is lost.  no talent.  poor guy,1 hari yang lalu
youtube,I love Justin Bieber. He’s had his issues but he has such talent and resilience,1 hari yang lalu
youtube,Anyone saying this was lazy has never been a part of a live musical production,1 hari yang lalu
youtube,"80's &90's. Music / rock festival are the best. Watch Glastonbury or Woodstock during those times and people are vibin, jumping, dancing, headbanging, no phones distracting your views and You don't need to sell your kidneys  to watch it.",1 hari yang lalu
youtube,Justin Bieber is the Michael Jackson of today,1 hari yang lalu
youtube,"This was such qn amazing performance, it felt so one on one watching it live! So cool!",1 hari yang lalu
youtube,Ts is like looking at a time capsule 🥹,1 hari yang lalu
youtube,Um dos melhores cantores,1 hari yang lalu
youtube,I'm here for the Mk.Gee,1 hari yang lalu
youtube,"Always been a fan but I thought he was so important to me at 14 but now at 27 this performance has meant so much to me. He overcame things, he’s happy, he did it. So I can too",1 hari yang lalu
youtube,Sin embargo estás acá 😂 tanto te disgusta que estás ayudando a las views 💜,1 hari yang lalu
youtube,Esta cancion tiene unos aires a michael jackson,1 hari yang lalu
youtube,かっこよー🎇,1 hari yang lalu
youtube,Não há nada que ele possa fazer que possa diminuir o amor que Deus sente por esse garoto. Ele é especial,1 hari yang lalu
youtube,to much ego y love you,1 hari yang lalu
youtube,No wordsssssss,1 hari yang lalu
youtube,good job,1 hari yang lalu
youtube,1:22 completely adorable happy cute face ❤,1 hari yang lalu
youtube,"The best performance I’ve ever seen, I’m obsessed",1 hari yang lalu
youtube,It should be official music video,1 hari yang lalu
youtube,America needed this! Thanks Justin ❤,1 hari yang lalu
youtube,Video Production and stage design 🔥🔥🔥🔥,1 hari yang lalu
youtube,Mkgee is so good I need him to drop another album,1 hari yang lalu
youtube,"Can’t remember how many times I’ve watched clips of your performance. 

So far you’re living rent free in my head for the whole week!! Thank you for this performance and we’re happy to see you happy! 🤍",1 hari yang lalu
youtube,THE GOATTT 🐐,1 hari yang lalu
youtube,Prince of Pop,1 hari yang lalu
youtube,CLOSEEAAHAHHYHHHH,1 hari yang lalu
youtube,Haven't listened to Bieber since I was a freshman in high school. Now here I am in my early 30s dancing around my house listening to this song on repeat 🖤,1 hari yang lalu (diedit)
youtube,"""How much distortion do you want?""
""Yes""",1 hari yang lalu
youtube,biggest performer in coachella history 🙌🙌🙌,1 hari yang lalu
youtube,the greatest to ever do it 🐐🐐,1 hari yang lalu
youtube,once upon a time,1 hari yang lalu
youtube,SUPERBOWL LXI IS HIS😤,1 hari yang lalu
youtube,"O.B.S.E.S.S.E.D.
YOU got me all in MY head... 😉🤭",1 hari yang lalu
youtube,💙✌🏾💙✌🏾💙✌🏾💙✌🏾,1 hari yang lalu
youtube,This has to be one of the best performances I've ever seen,1 hari yang lalu
youtube,That is not the first time he has had somethinlg long and black near his mouff,1 hari yang lalu
youtube,i cant concentrate on my studies bro remove this vid . ( the way you got me all in the head - justin )😭😭😭😭😭😭😭😭😭😭,1 hari yang lalu
youtube,So proud of mkgee for headlining Coachella❤️❤️ who tha other guy tho,1 hari yang lalu
youtube,loveeeeee,1 hari yang lalu
youtube,And why am I crying???,1 hari yang lalu
youtube,mk gee love?,1 hari yang lalu
youtube,Hi,1 hari yang lalu
youtube,🥹💜,1 hari yang lalu
youtube,pure talent!,1 hari yang lalu
youtube,"he knows its gonna be on youtube, its where he started, you can feel his energy even through the video",1 hari yang lalu
youtube,te amo justin,1 hari yang lalu
youtube,"“How many times have you watched this?” 
“Yes”",1 hari yang lalu (diedit)
youtube,01:18 closer and closer and closah,1 hari yang lalu
youtube,they gotta add this version to spotify,1 hari yang lalu
youtube,You’re extremely loved by many @justinbieber stay well! 🙏🏼,1 hari yang lalu (diedit)
youtube,"Great video work for sure but... don't get why the song is popular, sorry I'm getting old I guess...",1 hari yang lalu
youtube,@spotify @spotify @spotify,1 hari yang lalu
youtube,I wish,1 hari yang lalu
youtube,Tag them! Anyone.,1 hari yang lalu
youtube,yeah!!!,12 jam yang lalu
youtube,“Yukon” 🙏 JUSTIN BIEBER😻😍😻,1 hari yang lalu
youtube,On repeat!,1 hari yang lalu
youtube,This is what SWAG looks like!,1 hari yang lalu
youtube,crazy how someone with that much money always seems to dress like a bum who found clothes 10 X’s too big for them,1 hari yang lalu (diedit)
youtube,He looks so much better now. I hope he's finally finding the peace that he deserves. ❤,1 hari yang lalu
youtube,Proof you don't need a lot going on stage when you have stage presence like JB to make a show!,1 hari yang lalu
youtube,Art bolte lala,1 hari yang lalu
youtube,This was really beautiful,1 hari yang lalu
youtube,"Pienso que tambien fue un homenaje a sus inicios, lo recuerdan?",1 hari yang lalu
youtube,"I know no songs of his but gotta fix that asap, this is so real in the most beautiful of ways",1 hari yang lalu
youtube,"McGee!!!! So excited!!!!  I yelled at the screeen!!!! Collab!!!!! He should be in title, too!!!!!  Love how Justin made the end a McGee fan video just bobbing his head and fireworks! Love the camerawork!!!!!! So positive and personal!",1 hari yang lalu (diedit)
youtube,"Justin disrupts the typical festival formula by rejecting spectacle and self-reinvention. Instead, he turns inward, creating a moment of self-reflection that shifts the audience’s focus—from the star himself to their own role in shaping him. This quiet refusal is what makes the performance truly radical.",1 hari yang lalu
youtube,This is very cool ❤❤❤,1 hari yang lalu
youtube,❤we are love justin bieber ❤,1 hari yang lalu
youtube,"Dont 4get he still part of our childhood memories ❤❤.  Those nostalgie,  those summer vacations those vibs and kinship build upper him❤",1 hari yang lalu
youtube,Am crying 😢😢😢😢😢😢 for him,1 hari yang lalu
youtube,Omg🥵🥵,1 hari yang lalu
youtube,I love him more now that I see him fighting for himself. Doing things the way he wants to because it’s what makes him feel like him rather than a fake pop star. It’s real and society needs real connection not gimmick’s.,1 hari yang lalu
youtube,what a legend,1 hari yang lalu
youtube,I think it’s pretty cool that he is dressed like Frankenstein aka Julian from the movie Big Daddy,1 hari yang lalu
youtube,He is talking about Selena Gomez,1 hari yang lalu
youtube,"A flavorful life is the life of those who make mistakes and rise again like an eagle. You're awesome, Justin.",1 hari yang lalu
youtube,Bieber is baaaack!!! 😭❤,1 hari yang lalu
youtube,👑👑,1 hari yang lalu
youtube,✨✨,1 hari yang lalu
youtube,💜💜,1 hari yang lalu
youtube,🎉🎉,1 hari yang lalu
youtube,❤❤,1 hari yang lalu
youtube,That was fiiiiiire,1 hari yang lalu
youtube,Mi video fav del 2026,1 hari yang lalu
youtube,"That was just beautiful kiddo! You still got it, and always will! Me, an 82 year old grandma! 🙏GOD’S blessings Justin! 🙏🇺🇸🙏🇺🇸🙏🇺🇸🙏🇺🇸🙏",1 hari yang lalu
youtube,The last part its was EPIC 🎉,1 hari yang lalu
youtube,so proud of him!!!! still kidrauhl,1 hari yang lalu
youtube,He looks ridiculous in those clothes,1 hari yang lalu
youtube,回歸音樂本身！ 這就是音樂,1 hari yang lalu
youtube,❤❤🍃,1 hari yang lalu
youtube,❤❤❤🍃,1 hari yang lalu
youtube,❤❤❤❤️🍃🍃,1 hari yang lalu
youtube,"Zero interest in cochella, wish I was there for this though",1 hari yang lalu
youtube,🥹❤,1 hari yang lalu
youtube,Keep rocking grandma! 👍,23 jam yang lalu
youtube,he's sooo happy. i love it!,1 hari yang lalu
youtube,"1:09 At times when we were going through different stages in our lives, his music was a steadfast companion. Back then, we didn’t really know how much he was carrying on his own. Now we meet again after years, all a little more grown than before, and there’s still so much love we want to give. It means a lot that he still loves us fans after all this time. We love you, and seeing you happy means everything to us Justin.",1 hari yang lalu
youtube,So happy to see him happy love jb❤,1 hari yang lalu
youtube,Gave goosebumps fr,1 hari yang lalu
youtube,Justin bieber aka Justin santos is a filipino who live in tondo,1 hari yang lalu
youtube,그저 G.O.A.T,1 hari yang lalu
youtube,once a belieber always a belieber 💜😮‍💨🙏🏼,1 hari yang lalu
youtube,"Will forever miss mother like figure the gem of India , your fellow sons and daughters of this land will always miss you Asha Tai thankyou for giving us so much of memories in music ❤️ bless us all from above",1 hari yang lalu
youtube,❤❤❤❤,1 hari yang lalu
youtube,Mkgeeeeeee!!,1 hari yang lalu
youtube,this video is like 5 hours long idk why,1 hari yang lalu
youtube,Guess who's back,1 hari yang lalu
youtube,He's back yeah believers he's back🥹🔥❤️‍🩹,1 hari yang lalu
youtube,❤❤❤,1 hari yang lalu
youtube,사랑해 비버,1 hari yang lalu
youtube,💋🙌🙏🥊😇,1 hari yang lalu
youtube,Sometimes less is more👍👍,1 hari yang lalu
youtube,"Never thought I would be a Bieber fan but here I am. 😍 he looks happy! Finally, genuinely happy. As he deserves!",1 hari yang lalu (diedit)
youtube,"Gooosebumps, he’s backkkkk",1 hari yang lalu
youtube,"This is one of the best performances of our generation, AURA.",1 hari yang lalu
youtube,Ok,1 hari yang lalu
youtube,los pelos de punta,1 hari yang lalu
youtube,SO ICONIC,1 hari yang lalu
youtube,How lovely it is to see you smile,1 hari yang lalu
youtube,Diddhe break a leg?,1 hari yang lalu
youtube,Sounds a little nasaly? 😮,1 hari yang lalu
youtube,YESSSSS BIEBEEERRRRR,1 hari yang lalu
youtube,Petjahhh 😭🔥🔥,1 hari yang lalu
youtube,my brain all day,1 hari yang lalu
youtube,King of music,1 hari yang lalu
youtube,MY LOVEEEEEEEEEEEEEEEEE SINCE 2010,1 hari yang lalu
youtube,Quiero quedarme a vivir en este video,1 hari yang lalu
youtube,He is a legend.,1 hari yang lalu
youtube,So Bieber looks like another wanna be black Eminem? Kewl,1 hari yang lalu
youtube,Tour JUSTIINNN 🙏,1 hari yang lalu
youtube,"This is the amazing artist we were gifted with, as he matures he gets better, gets wiser, and now it's his time to show us who he really is underneath all the contrivances. He's a creative soul, musician, poet, artist, and a human being with a heart that has been traumatized by a brutal industry that sees way too many magically talented people eaten up & spit out by a cruel & greedy business. He's making his own way and even though he's not my son, he is the same age as one of mine, so vicariously, I feel immensely proud of the man he has become and his beautiful family. He's making his way to finally figuring out what really matters. Making art that's true to yourself & loving yourself & your family. These lessons will save his life and help him be a better & happier version of himself. Luckily we get to keep him around to see it. Love you from day 1 Justin, you've always had my heart 💟",1 hari yang lalu
youtube,loved the distorted guitar in this! scratches such an itch in my brain!,1 hari yang lalu
youtube,"What's going on at 1:38 
The singing continues while his microphone is down by his side? 
Is he actually singing or lip-syncing or a bit of both?",1 hari yang lalu (diedit)
youtube,hmm ya ya ya,1 hari yang lalu
youtube,Şimdi daha iyi olduğunu hepimiz biliyoruz çünkü onun ne yaşadıklarını artık hepimiz iyi biliyoruz. ✊🏻❤️,1 hari yang lalu
youtube,"This is the 4th most viewed video on this channel within 2 days, because it's ICONIC !",1 hari yang lalu
youtube,Ever since bieber started his career he had a massive black influence. His journals arguably sounds more black than any Eminem.,1 hari yang lalu
youtube,This performance has more views than any other artists at Coachella 2026 within 2 days that's JUSTIN BIBER !,1 hari yang lalu (diedit)
youtube,"Best artist, and God’s chosen artist person Justin.",1 hari yang lalu
youtube,Love how he just stopped and watched the fireworks..,1 hari yang lalu
youtube,진짜 비버는 사랑 그자체다 ㅜ ㅜ,1 hari yang lalu
youtube,"the firework moment, masterpiece",1 hari yang lalu
youtube,Sayangkuuuuuuuu🥹🥰💜,1 hari yang lalu
youtube,"move on move on!, you are doing it!",1 hari yang lalu
youtube,Ur the man,1 hari yang lalu
youtube,Justin Bieber is proof that whatever you do people are always going to talk.,1 hari yang lalu
youtube,Abs Absolute ABSOLUTELY Purrrrrrfect!,1 hari yang lalu
youtube,lest go bieber,1 hari yang lalu
youtube,"Iove this song! Love this version, love Bieber love the guitar tone!!",1 hari yang lalu
youtube,é o brabooo,1 hari yang lalu
youtube,iconic.,1 hari yang lalu
youtube,"Can you please do a concert in, the UK",1 hari yang lalu
youtube,"I'd like to personally apologize to Justin B for judging him so harshly when he was younger

It just goes to show you never know what someone is carrying",1 hari yang lalu
youtube,🥹🥹🥹🥹🥹,1 hari yang lalu
youtube,Imagine this in black and white,1 hari yang lalu
youtube,"I love Justin, way before I know I could love other boys. Thank you!",1 hari yang lalu
youtube,Mükemmel bir sessss❤❤❤❤,1 hari yang lalu
youtube,"i’ll never get over the the ""closer, closer and closaaaaa"" 😮‍💨😮‍💨",1 hari yang lalu
youtube,He earned every bit of that 10 mil.,1 hari yang lalu
youtube,❤,1 hari yang lalu
youtube,te amoooo Justin 💜💜💜💜💜,1 hari yang lalu
youtube,"whatever the cameraman is getting paid, he has to get more
amazing work, especially from the 3:05",1 hari yang lalu
youtube,mk.gee 🤤🤤🤤🤤🤤🤤🤤🤤,1 hari yang lalu
youtube,"This was exactly what I needed, thanks!",1 hari yang lalu
youtube,"King is back congratulations 
Forever king",1 hari yang lalu
youtube,"“They paid him $10m and he delivered this..” 
GOOD. He pocketed a well deserved $10m from the industry that exploited and harmed him for YEARS, came, vibed with his fans and enjoyed himself. He did awesome
I don’t think I’ve ever heard a full Justin Bieber song in my life, but I would love to sit in this crowd. I would be thrilled if one of my favourite artists shows were that low key and intimate. I also get lost on youtube, scroll around. He’s just a human, we are all just learning!",1 hari yang lalu
youtube,absolute legend - love you forever,1 hari yang lalu
youtube,Yes!,1 hari yang lalu
youtube,"his voice is very unique in this world. we may have many favorites, but to me, he will always be number one",1 hari yang lalu
youtube,I wanna be loved like a Justin Bieber song every day of my life 😅😂❤❤,1 hari yang lalu
youtube,"Pertama denger lagu ini kaya orang keabisin ide aja buat lagu, tapi kok lama2 nagih juga denger nya apalagi liat dia jalan sambil nunduk2 (gw bapaks2) bukan abg😂😂😂",1 hari yang lalu
youtube,justin best coachella set of 2026!!!,1 hari yang lalu
youtube,"DIOS MIOOO , NO PUEDO PARAR ESTA VERSION , JUSTIN ESA GUITARRA RASGADA, ROTA !!! DEMASIADO, NO SUPERO!!!",1 hari yang lalu
youtube,I think we've just watch history made by Justin Bieber.,1 hari yang lalu
youtube,빅뱅 공식 영상 내놔라 코첼라야,1 hari yang lalu
youtube,king is back,1 hari yang lalu
youtube,Amen👏🏼,1 hari yang lalu
youtube,Agree,1 hari yang lalu
youtube,Who? 😂,1 hari yang lalu
youtube,10.000.000 USD for a moment 💪🏼💪🏼💫🌵🍋‍🟩🤔👻,1 hari yang lalu
youtube,"Increíble su voz ❤ go Justin, you do it great",1 hari yang lalu (diedit)
youtube,I love you Justin,1 hari yang lalu
youtube,Hope he performs Ennie Meenie by Sean Kingston,1 hari yang lalu
youtube,at least 1million out of those views are mine! Oh man! 👑,1 hari yang lalu
youtube,He obviously still got it😍🔥,1 hari yang lalu
youtube,O maior ❤❤❤,1 hari yang lalu
youtube,king,1 hari yang lalu
youtube,This sucked,1 hari yang lalu
youtube,❤,1 hari yang lalu
youtube,History was made!! Bro did it like he's just in his living room but the signal was received 🎉💯🧡,1 hari yang lalu
youtube,That ending 😍❤️‍🔥,1 hari yang lalu
youtube,"He runs off the stage. He gotta go see baby Jack and his wife.❤😂😂😂 back to popcorn and some movies tonight lol😂 I love you, Justin. Hey Haley, you look beautiful. Can’t wait to see how your baby be looking like Justin❤❤❤❤",1 hari yang lalu
youtube,Girl I’ll pay you to release the whole thing so I can watch it all again and again,1 hari yang lalu
youtube,Te amo profundamente Justin ❤,1 hari yang lalu
youtube,a voz dele é preciosa demais!!,1 hari yang lalu
youtube,"I’m proud of you Justin 😢❤I’m proud cause it feels like your Happy 😊 love you , God Bless you and Family ❤😢❤❤thank u for performance 😎🌹WE WANNA SEE YOU MORE ❤❤❤❤❤❤❤",1 hari yang lalu (diedit)
youtube,Justin🫠,1 hari yang lalu
youtube,The king is back,1 hari yang lalu
youtube,mkgee. what a flex,1 hari yang lalu
youtube,"Ого, совсем забыл о данной персоне. Последнее, что я слышал это было то, что Джастин полировал ртом чей-то член.",1 hari yang lalu
youtube,That's a breath of fresh air ❤,1 hari yang lalu
youtube,"great performance, love the distorted guitar sound",1 hari yang lalu
youtube,LOVEEE JUSTINNNNNNNNNNNNN,1 hari yang lalu
youtube,He’s still such a cutie,1 hari yang lalu
youtube,"I’ve been listening to this everyday. While taking a walk, fishining task at the office. Adultng is hard but thanks JB for your talent, so much hope and love 🥹💜❤️‍🩹",1 hari yang lalu (diedit)
youtube,1:11 that angle is so perfect omg,1 hari yang lalu (diedit)
youtube,Closer and closer and closAAAAAAAAAAAAAA 🤪🤪🤪🤪🤪🤩🤩,1 hari yang lalu
youtube,He is amazing . But is he lip signing ?,1 hari yang lalu
youtube,“But all he did was sit there playing clips on YouTube”. Headass people hating just to hate on the dude. When will we get the fact that he is human too and has feelings??,1 hari yang lalu
youtube,Power Justin 🎊🎉🎊🎉♥️,1 hari yang lalu
youtube,where's the laptop,1 hari yang lalu
youtube,Such a beautiful voice. Wish I could’ve been his mom. I mourn the kid he never got to be.,1 hari yang lalu (diedit)
youtube,This performance is my entire personality currently,1 hari yang lalu
youtube,His stage is something else😢,1 hari yang lalu
youtube,He try to be like EMINEM))),1 hari yang lalu
youtube,freaking love that raw guitar sound,1 hari yang lalu
youtube,Really like the guitar in this song,1 hari yang lalu
youtube,Absolutely amazing 🎉,1 hari yang lalu
youtube,Beautiful yet Electrifying. JB just delivered a masterclass😍,1 hari yang lalu
youtube,He told you that?,1 hari yang lalu
youtube,CLOSER AND CLOSER AND CLOSAAAAAAA,1 hari yang lalu
youtube,"NOW GO BACK AND WATCH HIS LAST LIVE PERFORMANCE RIO 2022, CANNOT COMPARE",1 hari yang lalu
youtube,IS HE PERFORMING THIS WEEKEND?,1 hari yang lalu
youtube,@Coachella please drop official video for Beauty and a Beat ❤❤❤❤,1 hari yang lalu
youtube,"pra MIM, ele é TUDO",1 hari yang lalu
youtube,I think Bieber has given the world enough to feed on. Now it’s stripped back - just him and his music - he doesn’t need to prove any more - take it or don’t,1 hari yang lalu
youtube,Please more of Justin Bieber!,1 hari yang lalu
youtube,DOES HE PERFORM AGAIN THIS WEKND,1 hari yang lalu
youtube,This was so original!!  Incredible!,1 hari yang lalu
youtube,I’m so envy of hailey 😢,1 hari yang lalu
youtube,"That was an epic performance.
I can't wait to see this next Sat. 
Does anyone know if it's the same setlist?
If different i hope it's more uptempo. he is awesome in the dance mode",1 hari yang lalu
youtube,I'm here for Mike! ✨✨,1 hari yang lalu
youtube,i just cry so peak,1 hari yang lalu
youtube,"Well, I loved daisies. I thought he got down. I loved it.❤❤❤",1 hari yang lalu
youtube,🎉🎉🎉🎉,1 hari yang lalu
youtube,❤❤❤❤❤❤❤❤,1 hari yang lalu
youtube,I don’t care what anyone says Justin Bieber is so artistic and he is in a class all of his own! Iconic really!,1 hari yang lalu
youtube,"I’m really happy to see Justin Bieber rise again after the depression he went through. It’s truly wonderful and inspiring, especially since many artists never fully recover from those kinds of struggles, but he managed to find his way back.",1 hari yang lalu
youtube,That camera man! 🎉,1 hari yang lalu
youtube,i love thisssss made me realize i was crushing on my boyfriend 😭😭😭😭😭😭😭 love you justin,1 hari yang lalu
youtube,Perfectly said!❤,20 jam yang lalu
youtube,yeahh,20 jam yang lalu
youtube,Yes,1 hari yang lalu
youtube,"Anyone who disagrees needs to watch videos of little Justin, singing in his room. No autotune, just pure talent. His natural vibe is so easy.",1 hari yang lalu
youtube,my aura farming king mk.goat 🦅🦅🦅🦅,1 hari yang lalu
youtube,😭😭😭😭💋💋💋💋,1 hari yang lalu
youtube,"Si no lo supero viendolo por internet no me imagino si hubiera estado ahi, quiero llorar",1 hari yang lalu
youtube,Is there any video with the full live set?,1 hari yang lalu
youtube,"1:25 where he kind of laugh sings ""don't wanna be friends"" has me feeling all kinds of ways.",1 hari yang lalu
youtube,What a voice 😮 hollyyy,1 hari yang lalu
youtube,Justin is Genius and unique artists ❤❤️❤️❤️😎😎😎😎,1 hari yang lalu
youtube,❤❤❤❤❤❤,1 hari yang lalu
youtube,so beautiful i love this guy now,1 hari yang lalu
youtube,"Kemaren baru 1.3 juta yang nonton, sekarang udah 5.8 juta saja😢

JB memang gk ada duanya di dunia ini❤",1 hari yang lalu
youtube,2:24 walking out looking absolutely scifi,1 hari yang lalu
youtube,bieber fever is hitting the men too,1 hari yang lalu
youtube,I love when artists do things and you can feel their passion and enjoyment of it because he sang in a way that he probably won’t be able to recreate because it was a unique moment and allowed his love for singing to take over rather than doing it - I think the $10 mil helped too lololol,1 hari yang lalu
youtube,love youJustin❤,1 hari yang lalu
youtube,Used to think JB was chich AF but this was dope AF,1 hari yang lalu
youtube,Post the whole performance!!!It will be trending for weeks,1 hari yang lalu
youtube,"I'm a fan from Russia! 
And I'm so happy to see Justin with happy eyes and on stage! He was enjoying the show I can say that he was missing us. true fans could see and understand everything. 

haters will always find something",1 hari yang lalu
youtube,Can we give some love to Mk Gee! Dude is awesome 🎸,1 hari yang lalu
youtube,"진짜 라이브 쩐다~ 
아무도 없이 혼자서 대하다 진짜",1 hari yang lalu
youtube,He was smiling and performing for his OG beliebers :'),1 hari yang lalu
youtube,Prediksi 5 hari bisa 10 juta itu yg nonton 😂,1 hari yang lalu
youtube,Fr,1 hari yang lalu
youtube,1:23  we miss that smile. Good to see you happy JB,1 hari yang lalu
youtube,"Justin broke the record at Coachella.❤

3:03 love this part btw xd",1 hari yang lalu (diedit)
youtube,He looks better ❤,1 hari yang lalu
youtube,I love you Justin,1 hari yang lalu
youtube,❤,1 hari yang lalu
youtube,justin love! from japan,1 hari yang lalu
youtube,Sounds like there is a hole in the Amp,1 hari yang lalu
youtube,i was so pissed about how much i loved this when it first came out because it wasn't mkgee and now hes here im so happy,1 hari yang lalu
youtube,"We saw your smiley face after long time,  We always love you Justin😄🥺❤",1 hari yang lalu
youtube,Get closaaaah,1 hari yang lalu
youtube,His softness remembers me of Kurt Kobain . I'm 38 and it reminds me of something i met 20 years ago❤,1 hari yang lalu
youtube,is the guitar really like that?,1 hari yang lalu
youtube,He fcuked all singer's 😢,1 hari yang lalu
youtube,Way you got me all in my head 😊,1 hari yang lalu
youtube,MK.GEE!,1 hari yang lalu
youtube,Amazing performance. Thank you Selena for those incredible inspirations. No doubt.,1 hari yang lalu
youtube,I love u jb,1 hari yang lalu
youtube,라이브라니 눈물 개난다 ㅠ 힘들때 들었는데,1 hari yang lalu
youtube,Tkm mg kee,1 hari yang lalu
youtube,Better with his pants on.,1 hari yang lalu
youtube,They both are pisces ❤,1 hari yang lalu
youtube,Yess,1 hari yang lalu
youtube,Love you Justin❤︎,1 hari yang lalu
youtube,"That part ""closer and closer and CLOSAAH""",1 hari yang lalu
youtube,"CLOSER, CLOSER AND CLOSAAAAAA",1 hari yang lalu
youtube,Ang angas Ng pag kakadale🤟🤟🤟🇵🇭,1 hari yang lalu
youtube,LOOK AT HIS ELBOWS!  All of them. Peace and truth beautiful people. NO ANKLIES UP USA.,1 hari yang lalu
youtube,Ligit mv. In concert live,1 hari yang lalu
youtube,1:26 ❤,1 hari yang lalu
youtube,welcome back jb 😭😭😭😭😭❤,1 hari yang lalu
youtube,I thought Bieber is lost but still 🔥🔥🔥🔥🔥🚒,1 hari yang lalu
youtube,"I think I’ve played this version 1,000,000 times already 😂",1 hari yang lalu
youtube,"I saw the same firework in Taiwan. So happy to see this too.
His performance and clothes are good.😊 Like all the setup❤",1 hari yang lalu
youtube,Bieber is comebacke,1 hari yang lalu
youtube,I love you Justin Bieber ❤❤❤,1 hari yang lalu
youtube,❤❤❤❤❤,1 hari yang lalu
youtube,…,1 hari yang lalu
youtube,😍,1 hari yang lalu
youtube,JB💜💪,1 hari yang lalu
youtube,"皆
元気ですか🥰2",1 hari yang lalu
youtube,"oh thank you for uploading, Coachella!!! ❤",1 hari yang lalu
youtube,I just love seeing him win. He deserves all the love,1 hari yang lalu
youtube,Same,1 hari yang lalu
youtube,bro same,20 jam yang lalu
youtube,I usually listen to rock music and I loveeee this song,4 jam yang lalu
youtube,​ @snowhitelorine  me too!,1 jam yang lalu
youtube,you’re not alone😂,12 jam yang lalu
youtube,"Same, and i’ll play it another million times ❤️‍🔥",7 jam yang lalu
youtube,Yes he does!,21 jam yang lalu
youtube,help him get to 1# on spotify he is the best pop singer ever,9 jam yang lalu (diedit)
youtube,I agree. 💗,13 jam yang lalu
youtube,"This, so much this ♥️",8 jam yang lalu
youtube,What is this guitar omg shivers !,1 hari yang lalu
youtube,GOAT,1 hari yang lalu
youtube,Soundproblems...,1 hari yang lalu
youtube,I love him so much,1 hari yang lalu
youtube,He seems so Happy it is  beautiful ❤ i love His live Performances so much.,1 hari yang lalu
youtube,🥰❤️,1 hari yang lalu
youtube,"You can love him or hate him but you have to admit he is a good singer with a good voice and really feels the music, knows how to sing.",1 hari yang lalu
youtube,The visuals almost feels like a kanye performance!,1 hari yang lalu
youtube,🤍🤍🤍🤍,1 hari yang lalu
youtube,Love you Mk.gee,1 hari yang lalu
youtube,SOOO GOOD,1 hari yang lalu
youtube,Bless🙏,1 hari yang lalu
youtube,King is back 🔥👑,1 hari yang lalu
youtube,It really gives me chills.,1 hari yang lalu
youtube,BELIEVER!!! ❤️💪🏿,1 hari yang lalu
youtube,Loves this ❤   His voice is amazing,1 hari yang lalu
youtube,Mk.geeeeee🔥🔥🔥🔥🔥🔥🤌🏻🎸,1 hari yang lalu (diedit)
youtube,So proud of Mike fr,1 hari yang lalu
youtube,Clip perfeito ❤,1 hari yang lalu
youtube,closer and closer and closahhh,1 hari yang lalu
youtube,Really love his performances. I wish he knew he made us remember the younger self. ❤️,1 hari yang lalu
youtube,You look happy 😍 and I'm happy ❤️ love your songs Justin! ❤️,1 hari yang lalu
youtube,Tiếccc quáaa khognxem live đc😢,1 hari yang lalu
youtube,I love it,1 hari yang lalu
youtube,BIEBERCHELLA 2 IS COMING ON SAT,1 hari yang lalu
youtube,i played this song for 1hr 😊❤,1 hari yang lalu
youtube,❤❤❤,1 hari yang lalu
youtube,He healed his childhood last night i truly believe that this man needs to be protected forever😭❤,1 hari yang lalu
youtube,Sounds like McGee,1 hari yang lalu
youtube,I prefer this version to the original,1 hari yang lalu
youtube,Thanks for coming and we are so happy to see you on the stage again with happy face and incredible voice again 😊❤ LEGENT FOREVER,1 hari yang lalu
youtube,❤❤❤,1 hari yang lalu
youtube,“Closer and closer and CLOSAHHHHHHH” 🗣️🗣️🗣️,1 hari yang lalu
youtube,I’ve watched this an unhealthy amount of times 😅,1 hari yang lalu (diedit)
youtube,Is he singing in playback? I’m confused,1 hari yang lalu
youtube,I wish mkgee sang on this too 😭😭,1 hari yang lalu
youtube,Real artist,1 hari yang lalu
youtube,I love him so much my wallpaper is him and my Spotify playlist is his music 🎧 ❤,1 hari yang lalu
youtube,gotta be the worst guitar rone I've heard in a while 😢,1 hari yang lalu
youtube,My childhood idol even the worst happen to jb  I will support him.. ❤❤❤,1 hari yang lalu
youtube,🤣🤣🤣🤣,1 hari yang lalu
youtube,hes singing,1 hari yang lalu
youtube,"@duszekkxthanks a lot! There was a moment where he put the microtone away and it was still singing going on.. anyways, if he is singing, what an amazing voice! Like 🔝",1 hari yang lalu
youtube,❤️❤️❤️,1 hari yang lalu
youtube,forever legendary 🔥,1 hari yang lalu
youtube,Mk.Gee 🫱🏼‍🫲🏽,1 hari yang lalu
youtube,Mad lighting rig,1 hari yang lalu
youtube,My GOAT 🐐,1 hari yang lalu
youtube,Cool,1 hari yang lalu
youtube,"I hope JB get's back up where he belongs. I feel so bad that he was mistreated so badly by so many adults when he was so trusting and just wanted to be like the people he admired who ended up hurting him.  What was wrong with his performance was it not ""live""?",1 hari yang lalu (diedit)
youtube,"3:02 feels like it’s manifestation of his real spirtual energy😭❤️ it’s finally back and this performance shows his truly self. Love this video, so healing",1 hari yang lalu
youtube,Learn to swim,1 hari yang lalu
youtube,Love him! That voice 😍 🥰✨️🥹,1 hari yang lalu
youtube,0:16 the camerawork my god,1 hari yang lalu
youtube,I love u JB,1 hari yang lalu
youtube,Obsessed❤,1 hari yang lalu
youtube,❤,1 hari yang lalu
youtube,"The words that came to mind when I saw this performance were
""purification"" and ""blessing."" I don't know much about Justin Bieber. But that's how I felt.",1 hari yang lalu
youtube,Its nice to see the spark in his eyes,1 hari yang lalu
youtube,Rise like a phoenix - Justin! You are a clear soul! CD quality voice! Incredible! Thanks!,1 hari yang lalu (diedit)
youtube,Mk.gee getting the love he deserves,1 hari yang lalu
youtube,ပရိတ်သတ်ကိုစော်ကားရင်bc လုပ်ခံရတာသဘောပေါက်လို့ အခုတော်တော်အချိုးပြေလာတယ်ပြောရမယ် အရင်ကဆိုဓါတ်ပုံတောင်ရိုက်လို့မရဘူးရိုင်းစိုင်းစွာပြုမူတာ,1 hari yang lalu
youtube,Perfect ending ❤️,1 hari yang lalu
youtube,I was just thinking the same thing. Dude just appeared outta nowhere,1 hari yang lalu
youtube,More like light work 😅,13 jam yang lalu
youtube,Amazing 👏 the guitar sound i want on a spotify ❤,10 jam yang lalu
youtube,Bruhh he grown so fast and still legit,1 hari yang lalu
youtube,Good voice,1 hari yang lalu
youtube,Saludos y bendiciones de Libros Neobiblismo,1 hari yang lalu
youtube,Even a boomer can appreciate his stripped down authenticity in this Coachella performance. Happy to see such love and connection.,1 hari yang lalu
youtube,we all here for him,1 hari yang lalu
youtube,"Honestly, after swllinghis catalogue, he seems to be doing things on his own terms.

Good for him. He looks happy.",1 hari yang lalu
youtube,"quante volte l'hai visto?
si.",1 hari yang lalu
youtube,"Wow, this performance gave me chills! Justin's voice is just incredible live. The energy at Coachella must have been amazing! 🌼🎤 Can't stop replaying this! Who else is obsessed with ""Daisies""?",1 hari yang lalu
youtube,I miss the old voice of jb,1 hari yang lalu
youtube,❤❤❤,1 hari yang lalu
youtube,His mic 🎤 is on 🐐 also for the people saying this was lazy. He’s just being chill. He’s a bit drunk. lol,1 hari yang lalu
youtube,"""The greatest performance of your life won't be in front of 100,000 people, it will be in that quiet moment...when you chose yourself, after everything tried to convince you that you weren't worth choosing.""

@RealTalkDarbs",1 hari yang lalu
youtube,❤❤❤❤,1 hari yang lalu
youtube,This is the most human performance. We love you Justin!,1 hari yang lalu
youtube,"the ""closer and closer and closaaa"" scratches my brain",1 hari yang lalu
youtube,😭😭😭 feel like 2016,1 hari yang lalu
youtube,Dang...I have never really listened to Beiber. Who is this...I want more!,1 hari yang lalu
youtube,"JB and Coldplay, let's make it happen",1 hari yang lalu
youtube,"""I wanna get closer and closer and closeeEear"" Uggghhh!!!",1 hari yang lalu
youtube,"I love you so much, my love, my JB!",1 hari yang lalu
youtube,❤️‍🔥❤️‍🔥❤️‍🔥❤️‍🔥❤️‍🔥❤️‍🔥❤️‍🔥,1 hari yang lalu
youtube,CLOSER AND CLOSER AND CLOSAAAHHH,1 hari yang lalu
youtube,Some songs don’t age… they just grow with you,1 hari yang lalu
youtube,"Lazy? Are they serious about what they are yappin? This dude sings like a walk in the park, like breathing, its all natural",1 hari yang lalu
youtube,lighting during his set was amazing,1 hari yang lalu
youtube,lol,1 hari yang lalu
youtube,Daisies with MK GEE is lit,1 hari yang lalu
youtube,💜☂️,1 hari yang lalu
youtube,I fell in love with this song immediately,1 hari yang lalu
youtube,❤️😭😭😭😭😭😭,1 hari yang lalu
youtube,Justin didn't need a fancy set or to be half naked to connect with his audience.  He just used his vocals,1 hari yang lalu
youtube,Que paso con el sonido tan malo y distorsionado,1 hari yang lalu
youtube,"Don’t wanna be friends…
I wanna get closer and closer and closer… 🎶",1 hari yang lalu
youtube,❤❤,1 hari yang lalu
youtube,"Seeing you sing with that smile, with that peace, filled my soul... I can't stop watching the concert, waiting for Saturday to see you again. My inner child was so happy and I reaffirmed how perfect you are in absolutely everything!!! You were never just a phase... I love you so much Justin Drew Bieber ❤️",1 hari yang lalu
youtube,😊,1 hari yang lalu
youtube,Cameraman deserves a raise!!!!,1 hari yang lalu
youtube,"Young people.. look at this guy.. this is a guy who is rich, famous & have billion of fans... but still failed at life & still haven't found himself. His tattoos, piercings, clothes... all so horrible & all screaming desperately for a personality that he just can't find.",1 hari yang lalu
youtube,this is beautiful,1 hari yang lalu
youtube,Finallyyyyyyyy‼️❤️ Bieber fanssss since his day 1❤️,1 hari yang lalu (diedit)
youtube,Official daisies video,1 hari yang lalu
youtube,"I love him love … hes being my crush since i was child. Thanks haeily for taking care of him. ❤❤❤❤so excited to see jack❤❤❤….. love his music love love love justin… his voice , his talent 🔥🔥🔥🔥🔥🔥🔥",1 hari yang lalu
youtube,Man he's good at singing but I wish his voice was deeper 😭 this song would be something I'd actually add to my playlist,1 hari yang lalu
youtube,Good,1 hari yang lalu
youtube,💜💜💜💜💜,1 hari yang lalu
youtube,카메라 앞에 앉는 것.. 구도도 그렇고 진짜 간지 미쳤다,1 hari yang lalu
youtube,😍😍😍,1 hari yang lalu
youtube,Sounds better than ever - happy for him.,1 hari yang lalu
youtube,He looks genuinely happy here,1 hari yang lalu
youtube,omg omg omg!!,1 hari yang lalu
youtube,"1:26 ""i wanna get closer and closer and CLOSAAAAAHHH""",1 hari yang lalu
youtube,❤,1 hari yang lalu
youtube,❤❤,1 hari yang lalu
youtube,Amazing voice Justin ❤❤❤,1 hari yang lalu
youtube,closer and closer and closaaa,1 hari yang lalu
youtube,People always have something to say. All the arm chair critics. But J Biebs is the GOAT! This was unique and beautifully crafted!,1 hari yang lalu
youtube,Everything sounds fine but broken bass,1 hari yang lalu
youtube,This performance forced me to put daisies back in my Playlist,1 hari yang lalu
youtube,This is DOPE!,1 hari yang lalu
youtube,I love 0:52,1 hari yang lalu
youtube,Guys lets make this weekend special for him… make him feel that he is so so so much loveddddd,1 hari yang lalu
youtube,❤,1 hari yang lalu
youtube,Such a beautiful voice no one can make me hate him. I am a 30 uear old belieber 😂,1 hari yang lalu
youtube,Why did he get bad press?   Love this performance,1 hari yang lalu
youtube,He's lip-synching. People paid for this?,1 hari yang lalu
youtube,Prince is back🎉,1 hari yang lalu
youtube,치열하고 불안정했던 저스틴비버 인생의 1막이 끝나는 느낌이다... 아름답지만 너무 강렬했던...,1 hari yang lalu
youtube,ดีใจที่จัสตินกลับมาแล้ว,1 hari yang lalu
youtube,So sad. 😢,1 hari yang lalu
youtube,W Camera. Netflix should hire them. -Koreana Hotel,1 hari yang lalu
youtube,Who is the guitarist?,1 hari yang lalu
youtube,JB still 🔥🔥🔥also love the fireworks towards the end ❤,1 hari yang lalu
youtube,Seeing his smile in this performance made me sob. I hope he is enjoying himself as much as we are. 🤍,1 hari yang lalu
youtube,I could watch this 1 million times and never be sick of it! wow!,1 hari yang lalu
youtube,"The degeneration of music, continues. Absolutely, horrendous. The guitar sounds like a frog, farting.",1 hari yang lalu (diedit)
youtube,Cara menonton ulang coachella gimana ya?,1 hari yang lalu
youtube,"Despite a personal life riddled with a checkered past, he still has a beautiful voice and tone. He has a handsome look, but ertainly doesn;t maximize it -just MO, he dresses sloppily, and has an attitude that is sort of negative or self-absorbed, but who am I to make a comment, he has been though a lot in his life as a child prodigy-such early fame can take a rough road on a young performer.",1 hari yang lalu
youtube,I LOVE JUSTIN 💜❤️❤️‍🩹,1 hari yang lalu
youtube,3:03 that shot is cool,1 hari yang lalu
youtube,trendy cringe,1 hari yang lalu
youtube,"Tunggu tgl 19 aja, tgl 19 justin manggung lagi di Coachella penutupan Coachella nya jam stgh 2 siang",1 hari yang lalu
youtube,"Omg, How is this vibe ? 😭🫶🏻",1 hari yang lalu
youtube,❤❤❤❤❤❤❤❤❤,1 hari yang lalu
youtube,Love you Justin from 🇨🇦 ❤❤❤ you are awesome!!🎉,1 hari yang lalu
youtube,Smoke and Youtube Premium,1 hari yang lalu
youtube,"At the end, I thought Erika was gonna walk out",1 hari yang lalu
youtube,this is the person I was waiting for kidrauhl to end up becoming; happy for him,1 hari yang lalu
youtube,Like this if you love the sound of the guitar.,1 hari yang lalu
youtube,Go kiddo go 🥹💙🌷🐝💐,1 hari yang lalu
youtube,❤,1 hari yang lalu
youtube,"It's so nice he's just expressing. No ""dance monkey, dance!""",1 hari yang lalu
youtube,Mk.gee and Justin need to collab for a while man it’s a generational pairing,1 hari yang lalu
youtube,Biebs is a true 🐐.  Absolutely stellar performance 🎇,1 hari yang lalu
youtube,Closer and closer and closahhh,1 hari yang lalu
youtube,SEPERTINYA JB AKAN MENGGANTIKAN VIDEO POPULER DIAKUN INI 😂😂🎉🎉,1 hari yang lalu
youtube,Não tentem entender o Gênio,1 hari yang lalu
youtube,So sweet voice justin,1 hari yang lalu
youtube,❤❤❤,1 hari yang lalu
youtube,he’s enjoying his voice,1 hari yang lalu
youtube,😍🫶♥️,1 hari yang lalu
youtube,👏👏👏🇨🇦👏👏👏,1 hari yang lalu
youtube,I love seeing him look happy!!,1 hari yang lalu
youtube,"This was my favorite performance. I love me a singer who can sing. Happy for you, Justin.",1 hari yang lalu
youtube,So happy for him ❤,1 hari yang lalu
youtube,Omg,1 hari yang lalu
youtube,closer and closer and CLOSAAAH,1 hari yang lalu
youtube,wow he's about to bust through again in the best way : ) i dont wanna call it a comeback,2 hari yang lalu
youtube,"Can everyone make this video the most watched video in Coachella’s channel 🔥🔥🔥, I hope our next generation also knows the legend 🔥",2 hari yang lalu
youtube,popの最高到達点,2 hari yang lalu
youtube,❤❤❤,2 hari yang lalu
youtube,closer and closer and CLOSAAAH 🗣🗣🗣,2 hari yang lalu
youtube,"Watda, many call this as ""lazy""? demmm then what is ""not lazy"" nowadays?",2 hari yang lalu
youtube,Love this ❤❤❤❤❤,2 hari yang lalu
youtube,sube de yukon de justin bieber,2 hari yang lalu
youtube,Mk.gee!!,2 hari yang lalu
youtube,this songs makes me cry i dont even know why,2 hari yang lalu
youtube,Keren,2 hari yang lalu
youtube,This is NOT talent. THIS IS Bee Bop Pop head COOLAIDE. Nine Inch Noize makes this kid look so lame.,2 hari yang lalu
youtube,We can never deny the pure talent of this young man.. he is already JB.. doesnt have to prove himself anymore.. you can clearly see he is performing as himself.. he is now whole again..,2 hari yang lalu
youtube,What a PURE WONDER 💛,2 hari yang lalu
youtube,Justin Bieber is and always been my childhood and present precious idol..his performance in coachella is so nostalgic !! we loved you always💖💖💖,2 hari yang lalu (diedit)
youtube,so far is the most watched of Coachella 2026 👀,1 hari yang lalu
youtube,Great voice,2 hari yang lalu
youtube,❤,2 hari yang lalu
youtube,The king is backk!🥺,2 hari yang lalu
youtube,This is the Justin Bieber we grow up,2 hari yang lalu
youtube,Vamos Justin Bieber,2 hari yang lalu
youtube,That live electric guitar sound. They should make more songs with that sound,2 hari yang lalu
youtube,bieber fever never end,2 hari yang lalu
youtube,B is a genius,2 hari yang lalu
youtube,"As a man who has gone through the trials of life, Justin is one of the very few artists I truly respect. 🙏❤",2 hari yang lalu
youtube,Good to see you back Biebs!!! You look and sound great!,2 hari yang lalu
youtube,I’ve never NOT liked him but after seeing these performances from Coachella  I think I now LOVE him,2 hari yang lalu
youtube,Am I the only one who thinks it’s wild that ppl pay thousands of dollars to see someone just walk around on stage and lip sing?,2 hari yang lalu
youtube,wow amazing love Biebs!!!!❤❤❤❤,2 hari yang lalu
youtube,I WISH I WAS THEREEE,2 hari yang lalu
youtube,Justin Beiber really needing that artifical audio technology to assist with his vocals.  Definitely not live vocals a whole lot of backtracking.,2 hari yang lalu
youtube,이 노래 제목이 뭔가요?,2 hari yang lalu
youtube,❤😢🔥,2 hari yang lalu
youtube,🔥🫶❤️‍🔥🌼🐺☝️,2 hari yang lalu
youtube,"Justin looks relaxed and comfortable, so I like seeing him too. Justin is back.",2 hari yang lalu
youtube,Hizo un espectáculo para quienes estuvieron presentes y los que estuvimos en casa ❤,2 hari yang lalu
youtube,It's crazy how you can't tell that's a whole live vocals lmaoooo,2 hari yang lalu
youtube,"​ @javzhang9666    It's because I can tell between backtracking and not which your virgin years obviously have no clue. That's why he was ""mouthing"" a lot of the lyrics. There was a lot of talk about it. But, like I said, you not knowing a thing about music, vocoders, autotuningz backtracking etc would think Justin is singing without any ""technical assistance."" But don't worry kid, many artists nowadays use ""assistance.""",1 hari yang lalu
youtube,"​​ @javzhang9666  You're delusional. Every vocal coach knows he had heavy backtrack and basically singing over ""streaming vocals"" when he performed  his older hits.",1 hari yang lalu (diedit)
youtube,I have chills watching this. And same when it was live. INCREDIBLE performance ❤️‍🔥,2 hari yang lalu
youtube,Somebody on TikTok said he remembered he is THE Justin Bieber and locked in and as funny as that was it's nice seeing him perform without any strings attached,2 hari yang lalu
youtube,He is THE JUSTIN BIEBER,2 hari yang lalu
youtube,Their different levels to this he’s surpassed pop star he’s in the super star territory!! He’s doing it!!,2 hari yang lalu
youtube,👑👑👑,2 hari yang lalu
youtube,He still has it,2 hari yang lalu
youtube,❤❤❤❤❤❤,2 hari yang lalu
youtube,"All about selfies and posing for the camera, zero crowd work. That self-obsessed California vibe isn’t for me, give me Glastonbury eight days a week.",2 hari yang lalu
youtube,❤❤❤❤❤,2 hari yang lalu
youtube,"I've never been pray for any celebrities. But not Justin. I hope he always feel safe, sleep well, good health, peace in life with his wife and his son. i really really am support him.",2 hari yang lalu
youtube,Amazing,2 hari yang lalu
youtube,Props to the Cameraman ❤❤❤❤❤❤❤❤,2 hari yang lalu
youtube,Its Justin Bieber Hallelujah,2 hari yang lalu
youtube,💜💜💜🐐🐐🐐🐐🐐🐐🐐,2 hari yang lalu
youtube,Perfect,2 hari yang lalu
youtube,MK.GEE!!!,2 hari yang lalu
youtube,From tiktok to youtube. Love u justin! ❤,2 hari yang lalu
youtube,GOD BLESS YOU,2 hari yang lalu
youtube,"Everything hallelujah ❤ made me cry in the name of the father, son, and Holly spirit amen 🥰",2 hari yang lalu
youtube,元気そうでよかったし、ずっと歌うことを辞めないでくれてありがたいね,2 hari yang lalu
youtube,El nació para brillar 🎇 por eso sigue brillando🌠,2 hari yang lalu
youtube,"But the sad part is he didn’t perform ghost, peaches, yummy, intentions",2 hari yang lalu
youtube,Que buen timming ❤,2 hari yang lalu
youtube,Beautiful voice,2 hari yang lalu
youtube,"Happy him, happy us! :face-red-heart-shape:",2 hari yang lalu
youtube,❤,2 hari yang lalu
youtube,GOD SOMEONE PLEASE TELL ME WHAT GUITAR PEDAL THIS IS,2 hari yang lalu
youtube,Gitarisnya oke juga,2 hari yang lalu
youtube,Keren juga lagunya,2 hari yang lalu
youtube,Team all,2 hari yang lalu
youtube,Great performance; great song!,2 hari yang lalu
youtube,"I think he crushed this one, and his backup band was not that good, Justin made it good.",2 hari yang lalu
youtube,no eyes are dry watching this,2 hari yang lalu
youtube,He Is Backkkkkk!!!!!I I love it ❤❤❤❤,2 hari yang lalu
youtube,Good song terrible outfit those boots were hideous the last person to model your outfit after is kanye and he copied him bad choice,2 hari yang lalu
youtube,"Bieber is a fraud, a poser. Heard he was awful…",2 hari yang lalu
youtube,i have that same guitar 0:00,2 hari yang lalu
youtube,The aura farming was 100% necessary,2 hari yang lalu
youtube,THE BEST TO EVER DO IT,2 hari yang lalu
youtube,"Тот кто радился гАвном, лебедем стать не сможет!",2 hari yang lalu
youtube,"I'm fan of yours JUSTIN BIEBER ❤❤❤❤❤❤ YOUR PRESENCE IS MORE IMPORTANT 😊, YOUR DOING GREAT🎉❤",2 hari yang lalu
youtube,This is what I will show the aliens when they ask.,2 hari yang lalu
youtube,😭✨🩷🔥,2 hari yang lalu
youtube,Amei❤,2 hari yang lalu
youtube,Lezzgo baby🥹😘,2 hari yang lalu
youtube,Wish he would put this out as his voice sounds better here than it does on the album from Alberta Canada 🇨🇦,2 hari yang lalu (diedit)
youtube,He has still such a lovely voice !,2 hari yang lalu
youtube,He looks so happy! What a great Canadian talent 🥰 🇨🇦,2 hari yang lalu
youtube,Te amoooo,2 hari yang lalu
youtube,Ele mostrou o que é ser humano de fato,2 hari yang lalu
youtube,❤❤❤❤❤,2 hari yang lalu
youtube,El príncipe del pop ha regresado. 🐐,2 hari yang lalu
youtube,"Seeing this from Justin in these times we live in and knowing a bit from his history,  as a man, i can see his message and what he is doing. Great job Justin 🍀",2 hari yang lalu (diedit)
youtube,아ㅜㅜ 뭔가 잔잔한 감동이… 뜨또야 행복하자😭💜💜💜,2 hari yang lalu
youtube,The miracle of him standing on this stage is enough.👏,2 hari yang lalu
youtube,Looks he went Miley/Kanye/Justin vibe. I think he did good. I wud be mad if I paid $1000. But for just a 15 min performance .. he did ok,2 hari yang lalu
youtube,his voice is so good,2 hari yang lalu
youtube,almost 5 million views 🔥,2 hari yang lalu
youtube,Justin bieber is the king🔥🔥,2 hari yang lalu
youtube,This man did work !! 🖤💘💫💯,2 hari yang lalu
youtube,The struggles of being poor: deciding which concert to go to.,2 hari yang lalu (diedit)
youtube,"頑張ってバイmickey 
2026   ４月１７日",2 hari yang lalu
youtube,Guitar sound is sickkkk,2 hari yang lalu
youtube,He was awesome and great song.,2 hari yang lalu
youtube,"Wow, super nice performance.. we miss you  @justinbieber ",2 hari yang lalu
youtube,"Cante Justin, cante! Nós amamos sua voz ❤",2 hari yang lalu
youtube,Closer and closer and closaaaahhh ❤,2 hari yang lalu
youtube,release the whole stream!!!,2 hari yang lalu
youtube,"I'm obsessed, can't stop watching",2 hari yang lalu
youtube,That is literally the least amount of effort a performer could put into a live 3-minute song. How pathetic.,2 hari yang lalu
youtube,We love you Justin❤,2 hari yang lalu
youtube,imagina se o Coachella tivesse chamado o BTS?,2 hari yang lalu
youtube,Biebervelli,2 hari yang lalu
youtube,鳥肌止まんないよ、,2 hari yang lalu
youtube,That was 🔥,2 hari yang lalu
youtube,Biebs has nice knee hair,2 hari yang lalu
youtube,The cameraman is insane; it looks like a music video,2 hari yang lalu
youtube,beliebers were smiling ear to ear during the whole performance. NO ONE does it like jb,2 hari yang lalu
youtube,That guitar tone sound awful,2 hari yang lalu
youtube,"With zero effort.
 performer without performance👌🏽",2 hari yang lalu
youtube,1:18 ADDICT,2 hari yang lalu
youtube,It’s great. Mckee is nice,2 hari yang lalu
youtube,World tour😮 world tour🎉🎉🎉,2 hari yang lalu
youtube,king of pop,2 hari yang lalu
youtube,🤍🔥🔥🔥👏👏👏,2 hari yang lalu
youtube,"Not a Bieber fan, but this is a powerful and beautiful	 moment.",2 hari yang lalu
youtube,did someone forget to tell him his boots are the wrong size?,2 hari yang lalu
youtube,we need a world tour justin😢😊,2 hari yang lalu
youtube,무대 계속 해줘...,2 hari yang lalu
youtube,Incredible performance 😍,2 hari yang lalu
youtube,♾️☮️✨💟🆓🐾🐈🐶🌈,2 hari yang lalu
youtube,❤❤,2 hari yang lalu
youtube,Kinda reminds me of Doug with the shorts and boots!  Still love him though.,2 hari yang lalu
youtube,the one and only artist never to forget ❤️❤️❤️ justin bieber is amazing ❤️❤️❤️,2 hari yang lalu
youtube,"Your the ""GOAT "" Baby justin ❤❤❤❤",2 hari yang lalu
youtube,船の動画から耳に残る曲だなーっと思ったら、またサカナクションか、、,2 hari yang lalu
youtube,Coachela 2026 is Bieberchella... everyone wait for him...❤,2 hari yang lalu
youtube,"JUSTIN YOU ARE INCREDIBLE!!!! STAY SAFE 
STAY HAPPY !! 
BEST TO YOU ~ BABY JACK & HAILEY 
MUCH LOVE FROM ONTARIO CANADA 🇨🇦  💕 🎇 👏",2 hari yang lalu
youtube,❤❤❤❤ love you Justin my forever baby💜,2 hari yang lalu (diedit)
youtube,Missed him so much 😭😭,2 hari yang lalu
youtube,I can't stop listening to this live version.,2 hari yang lalu
youtube,ITS THE CLOSER CLOSER AND CLOSAHHH FOR ME,2 hari yang lalu
youtube,That Voice ❤🎉,2 hari yang lalu
youtube,Pure talent ❤,2 hari yang lalu
youtube,This healed me ❤ seeing him happy and healthy and holy made me happy so very happy.,2 hari yang lalu
youtube,❤,2 hari yang lalu
youtube,Angel voice 👼🥵🥵💜💜💜💜,2 hari yang lalu
youtube,He is adorbs and I say this in a motherly and could possibly be grandmotherly way. Hope his head is straight,2 hari yang lalu
youtube,letting the pew pew go is insane 😂😂😂😂❤❤,2 hari yang lalu
youtube,i love you justin 💜 thanks for the unforgettable performance. you were amazing!,2 hari yang lalu
youtube,lisan al-gaib,2 hari yang lalu
youtube,Justin! I love you brother!!! Thank you for glorifying God! In public!! You are surely a blessed man. Please make a praise and worship album. It will sell like NO OTHER!! Xoxo,2 hari yang lalu
youtube,"REAL Talent doesnt need all the extra theatrics, thats our Canadian boy 🎉",2 hari yang lalu
youtube,The best song from Coachella,2 hari yang lalu
youtube,"People have said this was lazy, but with this performance and hos grammy's performance I think he's just trying to get back to the basics.",2 hari yang lalu
youtube,Wooow amazing,2 hari yang lalu
youtube,God bless Justin Bieber my heart and soul goes out to you. 🦋✨happy healing ❤️‍🩹,2 hari yang lalu
youtube,It's giving Ye and I'm here for it.,2 hari yang lalu
youtube,"You’ve been through so much, and I just hope you know how proud we are of you.
Thank you for holding on, for your family, and for us—your fans.
God bless you and your family.
Seeing that side of you again at Coachella meant a lot. I know it’s not easy to face your past, but you did it. Respect.",2 hari yang lalu
youtube,Bieber fever forever 🥵🥵🥵🥵🥵🥵,2 hari yang lalu
youtube,Sublime!,2 hari yang lalu
youtube,"good song to finish it because it says IM COUNTING THE DAYS, HOW MANY DAYS TILL I CAN SEE YOU THE CROWD AGAIN",2 hari yang lalu
youtube,need this version to be on spotify ASAPPPPP!!!!!!!!!!!,2 hari yang lalu
youtube,😍😍😍,2 hari yang lalu
youtube,❤❤❤❤❤❤❤❤❤,2 hari yang lalu
youtube,"gente, simples: closer and closer and closaaaaah",2 hari yang lalu
youtube,i love how much positivity is in the comments <3,2 hari yang lalu
youtube,Happiest we’ve seen him perform in a minute,2 hari yang lalu
youtube,vibing💨🫶🏼,2 hari yang lalu
youtube,:elbowcough::stayhome::person-turqouise-waving:,2 hari yang lalu
youtube,CLOSERRR  & CLOSSER & CLOSSERRHHH !!!!,2 hari yang lalu
youtube,Gigi tajam agus sedih,2 hari yang lalu
youtube,The best ever!! This man is sooo talented! I have loved Bieber since he first came out! 🫶🌸,2 hari yang lalu
youtube,Good for Justin Bieber! I think I see some freedom. It looks good on him. 💝,2 hari yang lalu
youtube,"Tim henson? As a guitarist?
Please corect me if im wrong",2 hari yang lalu
youtube,Tim henson?,2 hari yang lalu
youtube,❤,2 hari yang lalu
youtube,incredibly good/talented,2 hari yang lalu
youtube,Never understood why people disliked him. Im a 39 year old man and I always liked his music. He was always very talented. Not sure where the hate came from. Jealousy?,2 hari yang lalu
youtube,"I loved how low that thrust stage was, made it like he was just standing with the crowd.",2 hari yang lalu
youtube,I was lost but now am found. I'm now a belieber as a 35 year old dude.,2 hari yang lalu
youtube,Is that Tim Henson on guitar,2 hari yang lalu
youtube,mk.gee,2 hari yang lalu
youtube,they dot bother to make up their own opinions but copy off haters,2 hari yang lalu
youtube,"omg, 35 here too, high five",2 hari yang lalu
youtube,congrats,2 hari yang lalu
youtube,Amazinggggg,2 hari yang lalu
youtube,👏👏👏👏👏👏👏👏👏👏👏👏👏👏👏👏👏👏👏👏👏👏👏👏👏👏👏👏👏👏👏🌼🌼🌼🌼🌼🌼🌼🌼🌼🌼🌼🌼🌼🌼🌼🌼🌼🌼🌼🌼🌼🌼🌼🌼🌼🌼🌼🌼🌼🌼🌼🌼,2 hari yang lalu
youtube,"I could watch it over and over again and never get tired. I’m honestly blown away in the most beautiful way. I never really paid attention to Justin Bieber before, but now I truly see it. What he’s doing feels real, raw, and completely his own. It finally feels like he’s creating the music he genuinely wants, fully stepping into who he is as an artist.

Watching everything around Coachella and the Grammys, it feels like he’s breaking free from the industry expectations and, in a way, challenging them with authenticity and confidence. That takes courage.

Many people probably won’t understand any of this, but this goes beyond genius.

Much love to you, Justin. Thank you. You’re truly inspiring.
❤",2 hari yang lalu
youtube,Love you @justinbieber ❤,2 hari yang lalu
youtube,This was a beautiful performance and the camera work was 👍 . Lazy where??,2 hari yang lalu
youtube,gonna treat this as the daisies mv now!,2 hari yang lalu
youtube,My Bieber fever has reawoken and is running strong af!!! He's never been more attractive 😍,2 hari yang lalu
youtube,JUSTIN NO MARICA TE AMO,2 hari yang lalu
youtube,Welcome back .. keep coming back 🎉,2 hari yang lalu
youtube,Woooow,2 hari yang lalu
youtube,Amazing 😻,2 hari yang lalu
youtube,Nearly 5 Million views😊,2 hari yang lalu
youtube,CANT GET OVER IT 😭❤‍🩹❤‍🩹💜💜💜💜💜,2 hari yang lalu
youtube,bieberfeverrrrr 4eva!!,2 hari yang lalu
youtube,Look how much he's enjoying it,2 hari yang lalu
youtube,closer closer and closahhh,2 hari yang lalu
youtube,Bieber fever forever 🫶🏻,2 hari yang lalu
youtube,AND CLOSER AND CLOSER AND CLOSAAAAAAAAAH,2 hari yang lalu
youtube,Esa sonrisa 😊,2 hari yang lalu
youtube,That stage is freaking amazing,2 hari yang lalu
youtube,So now it’s socially acceptable to have Bieber Fever 🥹🥳❤️,2 hari yang lalu
youtube,🔥🔥🔥🔥,2 hari yang lalu
youtube,"He is Justin Bieber, a man who, I can freely say, defined everyone’s childhood.
He is not Sabrina, who still has a lot to prove.
Is it clear to you now why he doesn’t have to do anything—because he is EVERYTHING!",2 hari yang lalu
youtube,He looked like he has mental illness or something 😢,2 hari yang lalu
youtube,❤awesome je Looks so  happy,2 hari yang lalu
youtube,That guy become a class.,2 hari yang lalu
youtube,Great voice,2 hari yang lalu
youtube,Does he have a stone in his shoe?,2 hari yang lalu
youtube,Wow I miss ur voice I always listened to your song 😍,2 hari yang lalu
youtube,Thank you Justin,2 hari yang lalu
youtube,"Manhood❤❤❤ suits him really well, bye silly baby Bieber, welcome grown artist",2 hari yang lalu
youtube,Organically fantastic,2 hari yang lalu
youtube,He seems better?,2 hari yang lalu
youtube,Justin 🤍🤌🏼,2 hari yang lalu
youtube,He really came out and gave the performance of a lifetime,2 hari yang lalu
youtube,"Him singing along with lil justin and us singing with him... it was really a full circle... this is the most authentic, heartfelt and genuine performance I have ever seen... proud to be a belieber!",2 hari yang lalu
youtube,Music Presentation and his voice were amazing 🤩,2 hari yang lalu
youtube,v cool,2 hari yang lalu
youtube,THE BIEBER FEVER NON STOPPPPPPPPPP,2 hari yang lalu
youtube,Estoy obsesionada con este video 🥰💜,2 hari yang lalu
youtube,"THE PRINCE OF POP
THEEE JUSTIN BIEBER!!!!!!!! THE GENERATIONAL SUPERSTAR!!!!!",2 hari yang lalu
youtube,💜💜💜,2 hari yang lalu
youtube,This guy can really sings,2 hari yang lalu
youtube,"My love JB... I am still crying listening Daisies, this performance was the best in the planet for me",2 hari yang lalu
youtube,Что за гавно,2 hari yang lalu
youtube,1:18 for anyone else obsessed,2 hari yang lalu
youtube,Aww x sounds like a little Bieber live it voice of an angel i grew up with looove,2 hari yang lalu
youtube,I think the reason why this performance feels so special for us as fans is because we finally see him happy :),2 hari yang lalu (diedit)
youtube,The best part !!!!,2 hari yang lalu
youtube,Justin B is Justin B.👏🏻,2 hari yang lalu
youtube,💜💜😭,2 hari yang lalu
youtube,I LOVE THIS SONG SO MUCH,2 hari yang lalu
youtube,CLOSER AND CLOSER AND CLOSAHHH😭😭🙌🙌,2 hari yang lalu
youtube,THE KING RETURNED!!,2 hari yang lalu
youtube,The GOAT,2 hari yang lalu
youtube,watching 4k still not satisfied😭😭,2 hari yang lalu
youtube,حبيبيييييييييييييييييي,2 hari yang lalu
youtube,tão tão lindo e talentoso que dói,2 hari yang lalu
youtube,All the haters you don’t know who Justin Bieber is,2 hari yang lalu
youtube,Isso foi muito bom 🎉,2 hari yang lalu
youtube,Justin is amazing❤ but what is this GUITAR🫣,2 hari yang lalu
youtube,"AAAAAAAAAAAAAAAAAAAAAAAAAAAAAAAAAAAAAAAAAAAAAAAAAAAAAAAAAAAAAA OMG I LOVE YOU JUSTIN 
YOU MAKE ME CRY",2 hari yang lalu
youtube,Te amo Justin 😭💜 belieber por siempre,2 hari yang lalu
youtube,His voice🔥🔥🔥🔥,2 hari yang lalu
youtube,"He recovered and he really loves music! He made it perfectly just like the old times
More power Justin Bieber!❤",2 hari yang lalu
youtube,Bieberchella was fantastic.,2 hari yang lalu
youtube,the one.,2 hari yang lalu
youtube,❤🔥🔥🔥,2 hari yang lalu
youtube,I came here for MKGEE!!!!!!!,2 hari yang lalu
youtube,Belieber since 2009❤,2 hari yang lalu
youtube,Playback?,2 hari yang lalu
youtube,HES TALENTED! Say whatever you want but it's true! He's LAZY? He hit the show 👏,2 hari yang lalu
youtube,I think this was healing for everyone who was a teenager 15 years ago. So much has happened since then and we are coming back to ourselves too,2 hari yang lalu
youtube,His voice is different,2 hari yang lalu
youtube,"This song, summer and being in love. That would be the dream",2 hari yang lalu
youtube,"Best night EVER! We love you, Justin Bieber",2 hari yang lalu
youtube,Very Kanye west vibes,2 hari yang lalu
youtube,reeady for weekend 2,2 hari yang lalu
youtube,What a wonderful voice My God,2 hari yang lalu
youtube,can't get over how dumb those hunter boots look,2 hari yang lalu
youtube,"People like the guitar ? No joke I thought it was Bieber playing at first , sounds pretty jumbled if that's a word",2 hari yang lalu
youtube,More like a rehearsal. I really enjoyed watching it! Have t seen him or his work in a decade!,2 hari yang lalu
youtube,RESPECT JUSTIN BIEBER,2 hari yang lalu
youtube,Bieber is back,2 hari yang lalu
youtube,❤❤,2 hari yang lalu
youtube,This was siiiiiick!!,2 hari yang lalu
youtube,"It’s so good to see him smiling and having fun man, long live JB",2 hari yang lalu
youtube,I have watched this an unhealthy amount of times 😂,2 hari yang lalu
youtube,te amo mais que tudo,2 hari yang lalu
youtube,"the ""closer, closer and closaaaaa"" just tickles my brain",2 hari yang lalu
youtube,❤❤❤,2 hari yang lalu
youtube,Can anyone explain to me why individuals are criticizing his performance as substandard when he is simply being authentic and delivering an exceptional performance?,2 hari yang lalu
youtube,PRINCE OF POP❤,2 hari yang lalu
youtube,Greatest man!!! 👏👏👏 We love you sooo much!!! 💝💝💝 God bless you! 🙏,2 hari yang lalu
youtube,Love his voice,2 hari yang lalu
youtube,Never been a big fan but this performance is absolutely legendary.,2 hari yang lalu
youtube,"Justin we love you, beliebers forever your performance was amazing. 💜 we are happy to see you well and thriving.",2 hari yang lalu (diedit)
youtube,✌️ Justin❤!,2 hari yang lalu
youtube,💜💜💜🙌🙌🙌,2 hari yang lalu
youtube,Welcome back JB❤,2 hari yang lalu
youtube,Epic moment,2 hari yang lalu
youtube,CLOSAHHH,1 hari yang lalu
youtube,hes smile singing it is everything to me:face-purple-crying::face-purple-crying:,1 hari yang lalu
youtube,You can hear little Justin in that part too!!!,1 hari yang lalu
youtube,Such a brilliant moment.,1 hari yang lalu
youtube,Sameeee broo straight up ascending vibeeeee🎉,21 jam yang lalu
youtube,LITERALLY YES,18 jam yang lalu
youtube,There’s almost like a 2000s pop punk flare in the way he says it ugh it’s so good,18 jam yang lalu
youtube,"for now on, forever and always",14 jam yang lalu
youtube,Sameeee!!!,4 jam yang lalu
youtube,Yeah it tickled me somewhere else 👀,13 jam yang lalu (diedit)
youtube, @cassidyc7119  y lmao,10 jam yang lalu
youtube,People like to hate on anything and everything unfortunately,2 hari yang lalu
youtube,Because people think that pyrotechnic show is synonymous with quality.,2 hari yang lalu
youtube,It’s Sabrina carpenter and Taylor swift fans being jealous,2 hari yang lalu
youtube,They don't understand genius.,2 hari yang lalu
youtube,Because they didn’t watch the whole set. They watched some 15 second video of when he was playing YouTube videos on his laptop.,1 hari yang lalu
youtube,I got this one. Ahem...they are haters.,2 hari yang lalu
youtube,Because idiots can’t get over the fact that he used a “laptop & YouTube” for part of it,1 hari yang lalu
youtube,The Dijon is strong with this one,2 hari yang lalu
youtube,We love you Justin!,2 hari yang lalu
youtube,The guitarist is 🔥🔥🔥,2 hari yang lalu
youtube,Would love for the whole set to drop tbh so we can rewatch all of it,2 hari yang lalu
youtube,❤️❤️❤️,2 hari yang lalu
youtube,100000000000000000000000000000000000 veces mejor que bad bunny,2 hari yang lalu
youtube,"Mk.gee - The Batman of Music 

Shoutout to Bieber for giving him his flowers, well deserved.",2 hari yang lalu
youtube,🔥🔥🔥,2 hari yang lalu
youtube,"Not a big fan, but tears dropping my eyes seeing JB healed and perform like this. So happy for him",2 hari yang lalu (diedit)
youtube,He sings like this and acts something much different vibes from the music no hate tho. Love JB!,2 hari yang lalu
youtube,"Gotta be the most Iconic outro to a show ever, that shot looking up at him looking back at the fireworks, his name on either side - Superstar type shot. People complained about the lack of production that went into his performance. But this show really just showed that Justin IS the show and he doesn't need a bunch of moving parts and dancers to make it great. When you reach the level sn Icon he is at you can get away with this minimal effort and have it still be great.",2 hari yang lalu
youtube,❤❤❤,2 hari yang lalu
youtube,❤❤❤❤❤❤,2 hari yang lalu
youtube,"Great performance, appreciate the focus on live singing & tone of the song vs. backup tracks & acrobatic dancing. Nice connection with audience, nice of him to encourage them to drive safely & hydrated in a desert. I don’t really see the “problem?”",2 hari yang lalu
youtube,"So glad this got uploaded. This is easily one of the most poignant performances in Coachella history, and that's coming from someone who isn't a huge JB fan.

The man is in a class of his own for the entire millennial generation, love it or hate it. That smile from Mk.Gee at 1:39 says it all.",2 hari yang lalu (diedit)
youtube,1:26  The way he turned 🔥,2 hari yang lalu
youtube,hes healing and will be back soon 100000 % 🥰🥰🥰 justice for Bieber,2 hari yang lalu
youtube,"maybe he found a peace😢
im not crying😭",2 hari yang lalu
youtube,"Mkgee is crazy, the sound and the guitar play style!
Love him!",2 hari yang lalu
youtube,MKGEEEEE AND BIEBERRRRR❤❤❤❤,2 hari yang lalu
youtube,Pretty sure he wrote most of these new songs,2 hari yang lalu
youtube, @dakotawint  for sure. I think he produced a bit too. I love it.,2 hari yang lalu
youtube,Misogyny is wild cause if a woman performed this way y’all would be losing your minds,2 hari yang lalu
youtube,The best ❤,2 hari yang lalu
youtube,✨🐐,2 hari yang lalu
youtube,Selena has this on repeat😂,2 hari yang lalu
youtube,Obsessed 😍🔥,2 hari yang lalu
youtube,🇧🇷🇧🇷❤,2 hari yang lalu
youtube,I'm so glad he's healing and finding his voice again. Beautiful!,2 hari yang lalu
youtube,I think it's great but why does the audio sound like that? Like it's rattly or something.,2 hari yang lalu
youtube,the way he sings “closer and closer and closaaah” 🥹🤍,2 hari yang lalu
youtube,BEEN A FAN OF HIM SINCE HIS CHILDHOOD AND IM SUPER HAPPY TO SEE HIM BE HIMSELF AT STAGE 🥹,2 hari yang lalu
youtube,❤,2 hari yang lalu
youtube,Can we can get to watch whole concert of Justin ....,2 hari yang lalu
youtube,he had a rebirth. He's back and bigger than ever,2 hari yang lalu
youtube,He is so back🔥🔥🔥🔥,2 hari yang lalu
youtube,🖤 my Justin,2 hari yang lalu
youtube,Bts,2 hari yang lalu
youtube,Who else is over 60 here and feel the punch? After a decade of shxt  bubble gum music and after Wet Leg I get some vibe again with this JB style.,2 hari yang lalu
youtube,May my God protect you and your family ❤,2 hari yang lalu
youtube,"I hope he performs boyfriend, eenie meenie and let me love youn",2 hari yang lalu
youtube,"oh, Mk.Gee... I need to have a fender jaguar",2 hari yang lalu
youtube,"The peace that is radiating from him, the easy smile. He truly looks like he's happy. God is good!",9 jam yang lalu
youtube,Healing from what? I lifetime of being rich and famous and a child star?,10 jam yang lalu
youtube, @iancharless healing from SA and industry abuse.,5 jam yang lalu
youtube,THE GOAT,2 hari yang lalu
youtube,closer and closer and closaaaaa,2 hari yang lalu
youtube,I’m such a Justin fannn 💕💕💕,2 hari yang lalu
youtube,"O maior, o mais mais. Simplesmente Justin Bieber 🔥❤️🔥❤️",2 hari yang lalu
youtube,"I’m honestly just a casual listener until I saw their Coachella performance! Philippines is a vocal powerhouse. It’s not something new. And nope, this is not lip sync. Coachella would never invite an artist like them if that’s the case. 

Bini were known for their live vocal performances since.",2 hari yang lalu
youtube,This man alone is changing music industry from now on. Call that perfomance “lazy”… must be crazy. I love it - food analogy - it’s easy to make good pizza with limitless toppings etc. But try to impress me with a Pizza Margherita and you have a fan.,2 hari yang lalu (diedit)
youtube,Love his talent soul 🫶,2 hari yang lalu
youtube,1:25 I wanna get closer and closer and closer 😍 😍,2 hari yang lalu
youtube,You did a really good thing let’s keep bring the light in an not the dark. ❤much love to yall,2 hari yang lalu
youtube,1:24,2 hari yang lalu
youtube,Wow! That’s Mk.gee playing guitar!,2 hari yang lalu
youtube,I NEED A TOUR IN EUROPE ASAP BIEBS,2 hari yang lalu
youtube,My man forever and always,2 hari yang lalu
youtube,Cinema,2 hari yang lalu
youtube,👍👍👍👍,2 hari yang lalu
youtube,I WANNA GET CLOSER AND CLOSER AND CLOSERRRRR,2 hari yang lalu
youtube,Mariah i miss you,2 hari yang lalu
youtube,EU TE AMO,2 hari yang lalu
youtube,Love you justin!!!!!,2 hari yang lalu
youtube,como pode o homem mais lindo do mundo e nao ser meu,2 hari yang lalu
youtube,4.2m,2 hari yang lalu
youtube,I love this.,2 hari yang lalu
youtube,so proud of him,2 hari yang lalu
youtube,Neeeeed this on spotify!,2 hari yang lalu
youtube,Love you 🥰,2 hari yang lalu
youtube,🔥🔥🔥🔥,2 hari yang lalu
youtube,🔥🔥🔥🔥,2 hari yang lalu
youtube,That guitar is so loud lol,2 hari yang lalu
youtube,Cámara girl you rock,2 hari yang lalu
youtube,Te amo,2 hari yang lalu
youtube,After long time I feel he is emotionally fine 😊 nice to see him happy.......,2 hari yang lalu
youtube,"im so proud of him, thank you Hailey for making this possible",2 hari yang lalu
youtube,Idk why I've never watched a Couchela but this year seems special,2 hari yang lalu
youtube,That was incredible,2 hari yang lalu
youtube,My king Justin Bieber,2 hari yang lalu
youtube,Suaranyaaaa ya ampunnn.. love it JB !!!!❤,2 hari yang lalu
youtube,"Wow...he's still very impressive, he dominates the stage with simplicity.",2 hari yang lalu
youtube,i LOVE when he says 'closer and closer and closaahhhh',2 hari yang lalu
youtube,beautiful ❤️‍🩹,2 hari yang lalu
youtube,YAY! been waiting for this:),2 hari yang lalu
youtube,You go Justin 🤞🏽💪🏽✨ u got this,2 hari yang lalu
youtube,pure music.. minimalist but powerful,2 hari yang lalu
youtube,20+ indie super fan here. the way the guitar sounds and the effects he is using is what you dream about for coachella... shouts out the audio engineer gahdamn,2 hari yang lalu
youtube,Love the swag album! 🤏🏿,2 hari yang lalu
youtube,Camera man understood the project! feels like it's a music video.,2 hari yang lalu
youtube,And the whole world liked that ❤,2 hari yang lalu
youtube,3:04 is peak,2 hari yang lalu (diedit)
youtube,I LOVEEE HIM SO MUCHHHHHH,2 hari yang lalu
youtube,Te amooo ❤,2 hari yang lalu
youtube,"❤ honestly when he started out, I was not a fan. I always felt bad for the kid. But now, now I love him. ❤ Always talented, but now he has autonomy. ❤❤❤❤❤",2 hari yang lalu
youtube,"Is it just me, or does it look like he's lip-syncing?",2 hari yang lalu
youtube,😍,2 hari yang lalu
youtube,❤❤❤❤❤❤❤❤❤❤❤❤❤❤❤❤❤❤❤❤❤❤❤❤❤❤❤❤❤❤❤❤❤❤❤❤❤❤❤❤❤still Bieber still great,2 hari yang lalu
youtube,Jb the best,2 hari yang lalu
youtube,O maior ❤❤🇧🇷,2 hari yang lalu
youtube,I love you justin,2 hari yang lalu
youtube,Sabrina Carpenter needed a whole expensive set up with actors in costumes to headline and then you have this guy. His talent is enough.,2 hari yang lalu
youtube,Que buena presentación,2 hari yang lalu
youtube,did not expect to see Mk.Gee here ha,2 hari yang lalu
youtube,The king is back,2 hari yang lalu
youtube,it's choreographed.  it's a music video filmed in one take.,2 hari yang lalu
youtube,Camera woman*,2 hari yang lalu
youtube, @daniellepetersen5849  is it not a gender neutral term?,1 hari yang lalu
youtube,It was a she,1 hari yang lalu
youtube,SHE!,1 hari yang lalu
youtube,"agreed, she did a great job.",20 jam yang lalu
youtube,And then will be like a documental🫢,2 hari yang lalu
youtube,Absolutely. It's mad skills.,1 hari yang lalu
youtube,Excelente filmagem quem o gravou nessa primeira atuação dele no Coachella ❤👑🤩🎤🥲👏🏽💖🤌🏼🎥🫂🇵🇹😃😉👍🏻,18 jam yang lalu
youtube,Yeah she did a great job.,15 jam yang lalu
youtube,Ummm that would be the director. Camera ppl don't call shots.,2 hari yang lalu
youtube,"You can say ""videographer"" for a gender-neutral title... especially when it's a woman doing the job lol",1 hari yang lalu
youtube, @k4t1155  caméraman. C'est neutre. Rien à voir avec ce qu'il y a entre les jambes.,1 hari yang lalu
youtube,"absolutely not, he's changing the song like crazy lmfao",2 hari yang lalu (diedit)
youtube," @jjoycesantana  I'm not saying it's the original vocal track, but his singing continues when he lowers the mic at 1:40(?)",2 hari yang lalu
youtube,Sounds like a compliment,2 hari yang lalu
youtube,the one and only <3,2 hari yang lalu
youtube,King is back!!!!,2 hari yang lalu
youtube,What’s the name of this song someone let me know ❤😢,2 hari yang lalu
youtube,Why did they not set up mkgee’s guitar properly?? 😢,2 hari yang lalu
youtube,"People keep gossiping about him being payed 10M dollars for his performance and it's being the highest payed one in the history of Coachella, but you all keep forgetting that his level has always been way higher that Coachella's, since almost the beginning in early 2010s. So his presence there is the most precious moment for Coachella. Remember that if he was able to, he would have collected the hugest stadiums now, not less that Kanye West, Adele and Coldplay (and Rihanna, if she would have come back with performances)",2 hari yang lalu
youtube,4mi in a day. The boy is a legend already.,2 hari yang lalu
youtube,"I can't stop to show this, so iconic Justin❤❤",2 hari yang lalu
youtube,Wish I could’ve been there to see this LIVE!!!!!! ❤❤❤,2 hari yang lalu
youtube,"who said this was lazy? The play-back/DJ'ing set was amazing,. I love him. He looks so good and happy. <3",2 hari yang lalu
youtube,😍😍😍😍😍😍😍😍😍😍😍😍😍😍😍😍,2 hari yang lalu
youtube,I love y,2 hari yang lalu
youtube,CLOSER AND CLOSER AND CLOSEEEEER,2 hari yang lalu
youtube,Makes me think of…how grateful I am that Justin made it thru this storm…the amount of work he has put in and Hailey can’t be that bad…he loves her and she not only seems to understand him…she truly loves him too…God bless him and his family…Justin…on Justin’s terms…👏👏🙏🙏💜💜Excellent job!!!!,2 hari yang lalu
youtube,I still love the way he sings,2 hari yang lalu
youtube,its abs legendary voicer,2 hari yang lalu
youtube,Im not crying you are,2 hari yang lalu
youtube,Love this song/ video 🥰 Good job Justin 💖,2 hari yang lalu
youtube,Still and always still favorite since day 1🥰🫶,2 hari yang lalu
youtube,Having Mk.Gee as a guitarist is the biggest flex ever,2 hari yang lalu
youtube,Woah nice to see that Justin is still alive,2 hari yang lalu
youtube,Daisies,2 hari yang lalu
youtube,He co-wrote the song and played on the original record for Justin!,2 hari yang lalu
youtube,“Give it up for Mk.Gee!” —Cameraman: nope.,2 hari yang lalu
youtube, @PhilipS9000 Mk.gee spends a lot of time in smokey silhouette.,1 hari yang lalu
youtube, @PhilipS9000   Something about it though... makes it even cooler. :finger-red-number-one:,1 hari yang lalu
youtube,Mk gee performing for JB gotta be the real flex,2 hari yang lalu
youtube,❤❤❤,2 hari yang lalu
youtube,Love that sound !,1 hari yang lalu
youtube,so truee,1 hari yang lalu
youtube,😃😃😃,21 jam yang lalu
youtube,uh he's Dijon's guitarist actually,1 hari yang lalu
youtube,is that not Eddie Benjamin?,1 hari yang lalu
youtube,"You guys have never heard a bass in your life huh LMAOOO, this is hilarious. 

Definitely not a guitar but A for effort",1 hari yang lalu (diedit)
youtube, @Kingofwafflehouse  thats a bass? LMAO !,1 hari yang lalu
youtube,I really love this ❤️‍🔥,2 hari yang lalu
youtube,All I can say is that wonderfull he shows  the world  what he wants to do,2 hari yang lalu
youtube,Closer closeeeer closssaaah ❤,2 hari yang lalu
youtube,Nepal,2 hari yang lalu
youtube,❤❤,2 hari yang lalu
youtube,"the song I have on replay for the last month, just a chill tune",2 hari yang lalu
youtube,Epic,2 hari yang lalu
youtube,😭😭😭😭 I GROW UP HEARING HIS SONG. I CAN EVEN MEMORIES HIS SONGS. AND TO ME HE IS SOOOOO HAPPY THIS NIGHT😭😭😭 HIS CHILF SOUL SING SO BEAUTIFULLY💖😭😭😭😭😭,2 hari yang lalu
youtube,Justin will forever be my idol,2 hari yang lalu
youtube,I loved this performance,2 hari yang lalu
youtube,Justin i luv youuuu,2 hari yang lalu
youtube,We are so proud of you JB❤️🥹,2 hari yang lalu
youtube,There you go 👏🏼👏🏼👏🏼 you got this.,2 hari yang lalu
youtube,It's been awhile dude 🎉,2 hari yang lalu
youtube,mk.gee 😍,2 hari yang lalu
youtube,New music as raw knowledge kind.,2 hari yang lalu
youtube,Awful guitar,2 hari yang lalu
youtube,great DP,2 hari yang lalu
youtube,"The ""closer and closah and closaaaahh"" remind me of the ""yeaaaa yeaaa yeaaa"" in out of town girl.. This is the deffo the same guy from 2012",2 hari yang lalu
youtube,"Justin really knows how to own the stage. The energy, the vocals, the vibe… all on point. 🔥",2 hari yang lalu
youtube,"If he stop being ""wannabe cool by being lazy"", he can still come back.",2 hari yang lalu
youtube,my gf love you more than me,2 hari yang lalu
youtube,There is only one Justin Bieber. Im a Bieleber Since 2010. ❤❤,2 hari yang lalu
youtube,we really need the entire show 🥲,2 hari yang lalu
youtube,beautifullllllllllllllllllll,2 hari yang lalu
youtube,EPIC❤,2 hari yang lalu
youtube,Mkgee,2 hari yang lalu
youtube,Que nostalgia !❤,2 hari yang lalu
youtube,Salut 😀,2 hari yang lalu
youtube,is this mk.gee on guitar?,2 hari yang lalu
youtube,This was so sick ❤,2 hari yang lalu
youtube,"that ""closer and closer and CLOSAAAH"" scratched my brain real good",2 hari yang lalu
youtube,"I can feel his smile when he sung the ""closer and closer and CLOSAAAAH"" part",2 hari yang lalu
youtube,無造作に置かれたバッグとPCが気になる…でも好き💕😅,2 hari yang lalu
youtube,"He's just like wine, more old more better! Love's u JB!",2 hari yang lalu
youtube,It's clocking that our Justin is back. So proud of him for all the work he has done.,2 hari yang lalu
youtube,Mk.gee appearing out of the fog like a magical guitar wizard,2 hari yang lalu
youtube,o maioral,2 hari yang lalu
youtube,Rooting for him.,2 hari yang lalu
youtube,Te amooooooooo me haces feliz 😢❤,2 hari yang lalu
youtube,Yes Sr,2 hari yang lalu
youtube,Closer and closerrr and closaaahhhhh❤️❤️,2 hari yang lalu
youtube,진짜 조오오오온나 머싯다 그냥,2 hari yang lalu
youtube,God bless and protect him against the vultures circling him.,2 hari yang lalu
youtube,❤❤❤❤❤,2 hari yang lalu
youtube,❤❤❤,2 hari yang lalu
youtube,"i need whole show on spotify or am, the vocal is amazing，so raw so true so warm so real so beautiful!!",2 hari yang lalu
youtube,I wanna be a camera man,2 hari yang lalu
youtube,it's Mk. Gee yall!!,2 hari yang lalu
youtube,Wow one of his best performance,2 hari yang lalu
youtube,What they did to this poor guy from such a young age 😢😢😢😢 I take my hat off to him. He needs justice.,2 hari yang lalu
youtube,"😀🥰🥰🥰🥰🥰🥰🥰
Джастин улыбается
Только он, голос, минимум спецэффектов и аудитория. Настоящий артист!",2 hari yang lalu (diedit)
youtube,Upload his Youtube session Coachella!!,2 hari yang lalu
youtube,Kanye West approves of this outfit and stage,2 hari yang lalu
youtube,Hmm the rubber boots and long shorts are weird. Especially when he threw the red sweater on top. But we're here for vocals not his outfit.,2 hari yang lalu
youtube,absurdo o jogo de câmera,2 hari yang lalu
youtube,Blissful❤,2 hari yang lalu
youtube,love you justin,2 hari yang lalu
youtube,1:25 JB HAPPY EVERYONE HAPPY,2 hari yang lalu
youtube,The sound es badddddd!,2 hari yang lalu
youtube,This is so hard!!!,2 hari yang lalu
youtube,"Yeeeeeh, with the CLOSER AND CLOSER AND CLOSAAA 😅😂",2 hari yang lalu
youtube,Nooo...the outfit its totally cool,2 hari yang lalu
youtube,"A lot can really be said about his performance but for someone who has listened from his very first album up to his last, it’s just a matter of appreciating his innate talent..",2 hari yang lalu
youtube,The most beautiful thing is seeing this guy happier again🥹,2 hari yang lalu
youtube,Playback?,2 hari yang lalu
youtube,THE BEST!!,2 hari yang lalu
youtube,mk gee!!!!!,2 hari yang lalu
youtube,Justin Bieber is Justibe bieber - period.,2 hari yang lalu
youtube,Mkgee at the back looking like that one batman rooftop gif,2 hari yang lalu
youtube,Justin is the nightmare for the other peformers that night. 😂 yet the angel of his fans. ❤,2 hari yang lalu
youtube,this live altered my brain,2 hari yang lalu
youtube,$10m well spent imo.,2 hari yang lalu
youtube,The view at the end with his name and the fireworks is an iconic shot 👏👏 great production,2 hari yang lalu
youtube,art based on life,2 hari yang lalu
youtube,Goat,2 hari yang lalu
youtube,The most addicting part 1:26 ❤🔥✨,2 hari yang lalu
youtube,teary eyed seeing Justin Bieber sing again ❤,2 hari yang lalu
youtube,He is the best and the voice is very distinct,2 hari yang lalu
youtube,OMG! Is it mk.gee? 😍🙏🏻♥️💫,2 hari yang lalu
youtube,❤❤❤❤,2 hari yang lalu
youtube,It's already 20th time😇,2 hari yang lalu
youtube,Bros soo goated 😮‍💨🔥,2 hari yang lalu
youtube,iconic without a doubt,2 hari yang lalu (diedit)
youtube,Люблю  такие  песни . ❤️☺️😌,2 hari yang lalu
youtube,My little 5 years cousin does it better…,2 hari yang lalu
youtube,Hes healing,2 hari yang lalu
youtube,"Seems like to me, he was lip singing he was singing a phrase, and the mic wasn’t even near his face. It looked like he was mouthing to the guitar player so that tells me he was lip singing.",2 hari yang lalu (diedit)
youtube,What the shity thing is this??,2 hari yang lalu
youtube,Glad bro is smiling,2 hari yang lalu
youtube,This performance is very impressive I will come back to watch it again.,2 hari yang lalu
youtube,A true singer,2 hari yang lalu
youtube,"Biebers singing on point, backing music average",2 hari yang lalu
youtube,We love you Justin B,2 hari yang lalu
youtube,Never watched Coachella performances until Justin's. Suffering from Bieber fever again!,2 hari yang lalu
youtube,Daisieeees,2 hari yang lalu
youtube,He looks happy for once,2 hari yang lalu
youtube,This tutorial is well made It deserves more views.,2 hari yang lalu
youtube,"Finally, JB is back ❤🎉 Stay healthy bro",2 hari yang lalu
youtube,"You cannot deny... he has a beautiful face, a beautiful smile and a lovely singing voice ❤️",2 hari yang lalu
youtube,I THOUGHT THIS WAS A MUSIC VIDEO.,2 hari yang lalu
youtube,he healed a whole generation. love u ❤,2 hari yang lalu
youtube,❤,2 hari yang lalu
youtube,So nice to see him so happy ! In Singapore where I saw him in concert he was miserable. It was breaking my heart,2 hari yang lalu
youtube,The best song!💯❤️,2 hari yang lalu
youtube,❤,2 hari yang lalu
youtube,He sounds so good ❤,2 hari yang lalu
youtube,😍😍 ele é o maioral,2 hari yang lalu
youtube,Bro remembered he's Justin Bieber,2 hari yang lalu
youtube,"Please post “favorite girl” and more songs, I’m begging 😂🙏🙏",2 hari yang lalu
youtube,For selena?,2 hari yang lalu
youtube,Go for JB🎉🎉🎉🎉,2 hari yang lalu
youtube,They did him a favor w thumbnail,2 hari yang lalu
youtube,Closeaaaaaa ❤,2 hari yang lalu
youtube,❤❤❤,2 hari yang lalu
youtube,😭😭😭 proud of you🎉,2 hari yang lalu
youtube,Justin Bieber of the legendary forever 🎉,2 hari yang lalu
youtube,❤❤❤❤❤❤❤❤ beauty lies in simplicity,2 hari yang lalu
youtube,love love love,2 hari yang lalu
youtube,im obsessed ✨✨✨,2 hari yang lalu
youtube,I genuinely hope he’s very happy and healthy now. The industry sadly did him so dirty for years.,2 hari yang lalu
youtube,camera man needs to get fired,2 hari yang lalu
youtube,"I love Justin Bieber so much ❤️
I’m a huge fan🔥🔥🔥",2 hari yang lalu
youtube,Was here live. Great show,2 hari yang lalu
youtube,What are people complaining about? This performance was awesome.,2 hari yang lalu
youtube,PROUD OF YOUU🥹🥹🫶🫶🫶✨✨✨💜💜💜,2 hari yang lalu
youtube,THANKS,2 hari yang lalu
youtube,DROP GO BABY 😭,2 hari yang lalu
youtube,Paid $10 mil for that🥴😂 ripped off coachella.. ripped off,2 hari yang lalu
youtube,"Comment ""LOVE""  ...wait.  Wrong artist, sorry.",2 hari yang lalu
youtube,"everyone say ""thank you coachella for uploading!!!!""",2 hari yang lalu
youtube,"I am so happy for happy. He is back to the stage on his own ideas and I totally love it. Do what you like, it is your voice and musical talented you have. Following you since you r a boy in Cabada. So happy to see you are joyful on the stage again. Welcome back. We all love you.",2 hari yang lalu
youtube,❤️,2 hari yang lalu
youtube,"Thank you, Justin! I see you and your trauma. Stay still. Stay beautiful. Hold on.",2 hari yang lalu
youtube,"노래 좋네❤
2026 4❤",2 hari yang lalu
youtube,Post full performance please.,2 hari yang lalu
youtube,Why do I tear up just seeing him so happy,2 hari yang lalu
youtube,We want his entire set coachella,2 hari yang lalu
youtube,this is so healing... world is healing,2 hari yang lalu
youtube,prince of pop,2 hari yang lalu
youtube,Motion sickness,2 hari yang lalu
youtube,El regreso más épico del año ¿Podrán? 💅🏽🇦🇷💜,2 hari yang lalu
youtube,🔥🔥🔥 Justin!,2 hari yang lalu
youtube,I love My husband performance.,2 hari yang lalu
youtube,This tutorial is top notch This deserves recognition.,2 hari yang lalu
youtube,GUYS HE'S WEARING WELLIES!,2 hari yang lalu
youtube,the king of pop is back,2 hari yang lalu
youtube,"Justin is in a REALLY Good place with his Soul. I'm happy for him and his wife Hailey and little boy Jack😊 God Bless his family with Love, Joy and Peace. Grace to you from God Almighty !❤",2 hari yang lalu
youtube,Closer closer closer ❤❤❤,2 hari yang lalu
youtube,Que voz tan preciosa.tiene❤❤❤❤❤❤❤⭐⭐⭐⭐⭐,2 hari yang lalu
youtube,I love you man!,2 hari yang lalu
youtube,GOAT 🐐,2 hari yang lalu
youtube,that guitar sounds fckn amazing,2 hari yang lalu
youtube,"1:23 i have never seen him this happy and smiling while performing, wow ❤ go bieber.",2 hari yang lalu
youtube,He is healing ❤️‍🩹🥹,2 hari yang lalu
youtube,everyone 's first loveeee,2 hari yang lalu
youtube,"I love Justin Bieber.🥰😘
God bless you Justin bieber",2 hari yang lalu
youtube,Как он хорош. Какой же красивый голос Бог ему дал,2 hari yang lalu
youtube,Closer and closer and CLOSSAAAHHHH 🫠🫠,2 hari yang lalu
youtube,"For the first time, I wish I'd gone to Coachella💖Wow. Will have to go someday",2 hari yang lalu
youtube,"Closer, Closer, and Closaah",2 hari yang lalu
youtube,"My gosh, I have been here for at least 20 times within 24hours!",2 hari yang lalu
youtube,he always looks like he's clinging on to his trajectory and never gonna reach it,2 hari yang lalu
youtube,"Chill 🤨
He looks like he's going fishing 🎣 
I'll always stick up for the man,he's got too many haters & I really didn't like him until this song",2 hari yang lalu
youtube,Why does he still sing like a teenager? No development of his vocals since he was 16.,2 hari yang lalu
youtube,I loved his performance!,2 hari yang lalu
youtube,JB i saw you grow from a child to seeing you grow up thru the media. I dont trust the media and after everything thats come to light i hope you heal that inner child that wasnt protected and i wish you the best in doing the same for your baby ❤ from a broken child to another healing isnt easy but everyday we are here for a reason youll find yourself again ❤,2 hari yang lalu
youtube,Mk.gee is the man...,2 hari yang lalu
youtube,Leyenda,2 hari yang lalu
youtube,Would love to see this guy in a nice pair of Levis that actually fit him.,2 hari yang lalu
youtube,He looks so happy,2 hari yang lalu
youtube,your favourite artist and your favourit artist's favourit artist,2 hari yang lalu
youtube,this isn’t lazy. it’s purity.,2 hari yang lalu
youtube,closer and closer and closeaaaaaaa,2 hari yang lalu
youtube,So crazy ❤❤❤❤,2 hari yang lalu
youtube,Justin is back,2 hari yang lalu
youtube,LOVEEE Justin 😙😍😍😍😙😙😙,2 hari yang lalu
youtube,❤❤❤🎉,2 hari yang lalu
youtube,te amo Justin❤❤,2 hari yang lalu
youtube,Aww this is so awesome. Love it🎉🫶🏼❤👏👏👏,2 hari yang lalu
youtube,Good on him . That guy's been through a lot. Love this song,2 hari yang lalu
youtube,cute song,2 hari yang lalu
youtube,why he looks like a penguin here walking around 😂,2 hari yang lalu (diedit)
youtube,3:05 the production is insane. it’s cinematic 🥰🥰🥰👑,2 hari yang lalu
youtube,so we all have bieber fever? ☺️,2 hari yang lalu
youtube,ICONIC,2 hari yang lalu
youtube,Who's playig electric guitar?,2 hari yang lalu
youtube,✨,2 hari yang lalu
youtube,🥰,2 hari yang lalu
youtube,🫶,2 hari yang lalu
youtube,Just talent on stage. That's what music is about.,2 hari yang lalu
youtube,Want go back 2011?😢😢,2 hari yang lalu
youtube,"this whole set and playing from a laptop, give me YE vibes of doing things and his performances",2 hari yang lalu
youtube,No podran jamas,2 hari yang lalu
youtube,Its been a long time since we saw him genuinely smile like that while performing,2 hari yang lalu (diedit)
youtube,Justin you lately look like a person living out of a dumpster or walking skid row,2 hari yang lalu
youtube,🎉🎉jb kembali,2 hari yang lalu
youtube,"he actually looks healthy, bless him",2 hari yang lalu
youtube,Iam from Rwanda nice performance,2 hari yang lalu
youtube,The one!,2 hari yang lalu
youtube,What an icon! 🎆,2 hari yang lalu
youtube,the bestt❤,2 hari yang lalu
youtube,"A few years ago, a physicist, chemist, inventor, Nobel Prize winner became famous and became a celebrity.
figures who are truly influential, truly influencers.. for our mankind...
Nowadays, those who are called celebrity and influencers have no role whatsoever in our lives...
just overpriced entertainment",2 hari yang lalu
youtube,is that mk gee on guitar?,2 hari yang lalu
youtube,Your mum,2 hari yang lalu
youtube,Ayooo,2 hari yang lalu
youtube,#2 GOAT!!,2 hari yang lalu
youtube,😭😭❤️‍🩹So proud of you,2 hari yang lalu (diedit)
youtube,He is Back 👍👍,2 hari yang lalu
youtube,This proves less is more 🙌,2 hari yang lalu
youtube,CLOSAHHH,2 hari yang lalu
youtube,wonder how many people peaked during the fireworks,2 hari yang lalu
youtube,3:46 I love you too bro.🫶🏼,2 hari yang lalu
youtube,I love this so much. I can’t stop replaying 🥹❤️,2 hari yang lalu
youtube,"This song is so good, let's listen to it and enjoy it together!
Please help me subscribe to the channel so I can listen to more great songs.",2 hari yang lalu
youtube,All I want in life is to be like Justin in this song with the fireworks 🎆💙,2 hari yang lalu
youtube,"What a moment! May you always be happy, our Kidrauhl!!",2 hari yang lalu
youtube,Most creative least effort concert show. This guy is genius!,2 hari yang lalu
youtube,Bieberchella 2026 is going down in history🔥,2 hari yang lalu
youtube,너무 좋아서 미치겠다요.........,2 hari yang lalu
youtube,Вечный😂пиздюк,2 hari yang lalu
youtube,The guitar 🎸,2 hari yang lalu
youtube,BIEBER FEVER 🥵❤❤,2 hari yang lalu
youtube,I'm really looking forward to his performance. Please come back with pride and show the world that Justin is Justin,2 hari yang lalu
youtube,It was actually perfect and better then any other show. So glad he did it his way!!!,2 hari yang lalu
youtube,Dove salti ??❤,2 hari yang lalu
youtube,"After all these years, his voice hasn't changed. I can recognize his voice perfectly well without even watching a video.",2 hari yang lalu
youtube,Legend.,2 hari yang lalu
youtube,❤❤❤,2 hari yang lalu
youtube,Sorry I'm blushing he is my first love 🙈🤭❤️❤️,2 hari yang lalu
youtube,"The real singer, sing from heart🙏👌",2 hari yang lalu
youtube,bilieber since HS 2010❤❤❤,2 hari yang lalu
youtube,This song for selena !🎉,2 hari yang lalu
youtube,"the goat was always here, just needed the correct pair of eyes and ears to see/hear it",2 hari yang lalu (diedit)
youtube,This is sooo good.,2 hari yang lalu
youtube,Just become new subcriber coz of this performance,2 hari yang lalu
youtube,love u❤,2 hari yang lalu
youtube,빌리버들이라면 이번 무대가 얼마나 최고였는지 잘 알거같음 뜨또.. 빌리버들 행복하게 만들어줘서 고마워,2 hari yang lalu
youtube,Is that Brandon buckingham,2 hari yang lalu
youtube,"Wasn’t a fan of Justin Bieber before, but I have to say.. his comeback is phenomenal. 
He’s clearly evolved, both personally and artistically.",2 hari yang lalu
youtube,Love u Justin Bieber...im glad u are so awesome brave stronge....im happy,2 hari yang lalu
youtube,Mr. Justin........YOU HAVE GROWN UP... HE IS BLESSED........ 💯💯🌹🌹JUST STILL GROWTH.......,2 hari yang lalu (diedit)
youtube,closer and closahhhh,2 hari yang lalu
youtube,🌹🌹🌹🌹💯💯💯🙏🏽🙏🏽🙏🏽🙏🏽👏🏽👏🏽👏🏽❤‍🔥💯🌹,2 hari yang lalu
youtube,Miss u JB 🥹,2 hari yang lalu
youtube,"i love what they did in the end, just the instrumental. that beat/instrumental is just nice",2 hari yang lalu
youtube,Wasn't he friends with Selena no he was friends with Hailey and stop bringing her into everything related to Justin ok. Focus on her and Benny,2 hari yang lalu
youtube,Wasn't friends with Selena. He was friends with Hailey and stop bringing her to everything related to him and focus Benny,2 hari yang lalu
youtube,BADLY NEED A VERSION OF THIS IN SPOTIFYYYY,2 hari yang lalu
youtube,Happy To see Justin Getting Back🙂,2 hari yang lalu
youtube,best show ever,2 hari yang lalu
youtube,"i mean ofcourse, he is the JUSTIN BIEBER! nations first FIRST LOVE!",2 hari yang lalu
youtube,"Doesnt look rainy there, why is he wearing gum boots?",2 hari yang lalu
youtube,"Watched and sang in my boxers at home, thank you Justin.",2 hari yang lalu
youtube,infinite aura,2 hari yang lalu
youtube,Zzzzzzz 🥱🥱🥱🥱🥱🥱🥱,2 hari yang lalu
youtube,❤❤❤❤❤🎉,2 hari yang lalu
youtube,W,2 hari yang lalu
youtube,Glad to see him doing better he’s very talented!!!,2 hari yang lalu
youtube,Best live performance of all time 🎉,2 hari yang lalu (diedit)
youtube,yo why he dressed like a clown tho?,2 hari yang lalu
youtube,MY HEART IS SO HAPPY TO SEE YOU HAPPY JB! YOU CAME STRONGER AND WE FEEL THE HEALING! WE LOVE YOU! ❤❤,2 hari yang lalu
youtube,Imagine having to share you husband with the world,2 hari yang lalu
youtube,Can you please do Coachella?  in the UK,2 hari yang lalu
youtube,See  Legend journey with MathsQ,2 hari yang lalu
youtube,Bieber Fever Is Back Baby 😻,2 hari yang lalu
youtube,Comback ❤❤❤❤❤❤❤❤,2 hari yang lalu
youtube,lovee it,2 hari yang lalu
youtube,Best show ever ❤. He's an Icon,2 hari yang lalu
youtube,its true that bieber fever has no cure. beliebers since 2010 here :hand-pink-waving:,2 hari yang lalu
youtube,He is soooo fine,2 hari yang lalu
youtube,Is That MK:GEE ?!,2 hari yang lalu
youtube,Justin everrr😍💜🔥,2 hari yang lalu
youtube,What else could ppl want I dont understand it he did a awesome job doing what he loves and ppl still want to bash him see this is a perfect example of what is wrong with the great united States of America instead of coming together to be proud about something or someone we always have to be negative always,2 hari yang lalu
youtube,Goosebumps. Missed him performing a lot,2 hari yang lalu
youtube,Love this,2 hari yang lalu
youtube,CLOSER N CLOSER AND CLOSAAAH,2 hari yang lalu
youtube,"I don't know what happened or what he saw at 1:22 but I don't think I've ever seen a warmer, more genuine smile. He looked elated, but completely present. I'm not afraid to say it made me feel all fuzzy inside in the best possible way.",2 hari yang lalu
youtube,👏👏🇬🇧,2 hari yang lalu
youtube,Алға Қазақстан деп жазып жіберсем қалай болады екен,2 hari yang lalu
youtube,"JUSTIN BIEBER sings very well in 2026, believe me he will rise again",2 hari yang lalu
youtube,It was so cool seeing him sing with his younger self. That was so creative.  I love everything I've seen about his performance.  I love seeing him look happy and full of love.,2 hari yang lalu
youtube,"Thank u coachella, love jb❤❤❤",2 hari yang lalu
youtube,"For those wondering that's Mk.gee at the guitar. Incredibly innovative sound, very gifted player and great singer as well!",2 hari yang lalu (diedit)
youtube,ayo is that mk.gee,2 hari yang lalu
youtube,"thank youuu, we love youuu",2 hari yang lalu
youtube,"This 'youtube experience' bs has ruined Coachella.  Artists went to perform in front of the live fans, not its like they aren't there anymore and it creates this fake experience online.   I wanted to see them perform for the live audience not youtube.",2 hari yang lalu
youtube,BEAUTIFUL:hand-pink-waving::hand-pink-waving::hand-pink-waving::hand-pink-waving::hand-pink-waving::hand-pink-waving::hand-pink-waving::hand-pink-waving::hand-pink-waving::hand-pink-waving::hand-pink-waving::hand-pink-waving::hand-pink-waving:,2 hari yang lalu
youtube,I believe you,2 hari yang lalu
youtube,"“Don’t wanna be friends, just skin to skin, I wanna get closer and closer and closaaaaaaah!”  I’m crying! 😭🥹💜",2 hari yang lalu
youtube,"his aura is unmatchedddddddd, what a voice, what a talent, JB 4EVER mannnn <3",2 hari yang lalu
youtube,Lo amo tanto mi Justin 😍😍😍😍😍😍😍😍😍😍😍😍😍😍😍😍😍😍😍😍😍,2 hari yang lalu
youtube,🥹🥹🥹🥹🥹🥹🥹🥹божееее,2 hari yang lalu
youtube,I think the real jb is back 😊,2 hari yang lalu
youtube,"CLOSER AND CLOSER AND CLOSAAAHH
My new vocal stim",2 hari yang lalu (diedit)
youtube,MY BABYYYYY❤❤❤❤,2 hari yang lalu
youtube,Can we have this version on Spotify?🥹,2 hari yang lalu
youtube,Playback,2 hari yang lalu
youtube,❤❤❤,2 hari yang lalu
youtube,yikes,2 hari yang lalu
youtube,My Bieber 💜🥹 We love you here ♥️ 🇵🇭,2 hari yang lalu (diedit)
youtube,Legend ❤,2 hari yang lalu
youtube,❤,2 hari yang lalu
youtube,Love love love him,2 hari yang lalu
youtube,I wanna get closer and closer and CLOSSAHH!!!!!❤❤❤,2 hari yang lalu
youtube,yukon plsss,2 hari yang lalu
youtube,"this is the best,
reminder to myself- be yourself, take your time and give a impactful comeback.",2 hari yang lalu
youtube,Justin’s talent is incredible and beautiful.  He should have 100 Grammies.  HIM!❤,2 hari yang lalu
youtube,Never knew the dream team would be Justin B and Mk.Gee❤️,2 hari yang lalu
youtube,Good song,2 hari yang lalu
youtube,who else can sound this good live?,2 hari yang lalu
youtube,This is actually made me so happy ❤,2 hari yang lalu
youtube,Justinnnn,2 hari yang lalu
youtube,Seeing him smile makes me happy! Welcome back Justin!,2 hari yang lalu
youtube,drink some water <3,2 hari yang lalu
youtube,this performance will be stamped in my memory forever :’) so proud of him,2 hari yang lalu
youtube,"I WOULD NOT BE IN THE PRESENCE OF THOSES PEOPLE WITH ALL BEING SAID OF SATANISTS, WITCHES ,DEMONICS , REALLY BIEBER REALLY",2 hari yang lalu
youtube,legend 🥹,2 hari yang lalu
youtube,This shee slaps yo!!,2 hari yang lalu
youtube,Justin Bieber everyone!!!!,2 hari yang lalu
youtube,Mk.gee’s aura is on another level,2 hari yang lalu
youtube,Wow really his wife shows up with the Kardashians...that say a lot .. but whatever!! Poor Justin once again screwed by... what ever... I'm not gonna say it!!!  Love you baby boy Justin 😘,2 hari yang lalu
youtube,💜💜💜💜💜💜,2 hari yang lalu
youtube,"So happy to see him back on a stage, it's tough being in his life sometimes, but when he shines, he shines.",2 hari yang lalu
youtube,여전하구나 뜨또형❤,2 hari yang lalu
youtube,"Justin bieber is back, keep on strong and keep on perfoming 👏
Keep singing beautifully justin 👍",2 hari yang lalu (diedit)
youtube,Guys got an amazing voice,2 hari yang lalu
youtube,CLOSER AND CLOSER AND CLOSAAAAHHHH,2 hari yang lalu
youtube,Mk.gee woahhhh,2 hari yang lalu
youtube,Justin and Kardashians family are literally close with eo,2 hari yang lalu
youtube,I really mean no disrespect to Justin when I say this but 5 years ago 10 years ago 15 years ago. I didn't really care for him. Now he speaks his truth. God 100% couldn't be more proud of the man. Much love Justin,2 hari yang lalu
youtube,That  guitar tone blends so well with jb it's so crunchy and deep yet the song is so lively,2 hari yang lalu
youtube,"His trying
To get his vibe back",2 hari yang lalu
youtube,gng we are bringign ''16 back?,2 hari yang lalu
youtube,Never really resonated with JBs music mostly because I was older than his core demographic but always recognised his talent. I loved his set so so much. Definitely one of my favourites over the weekend. When you have talent like that you don't need the bells and whistles.,2 hari yang lalu (diedit)
youtube,🔥🔥🔥,2 hari yang lalu
youtube,Justin ❤❤,2 hari yang lalu
youtube,Bieber is great - that distorted guitar sucked,2 hari yang lalu
youtube,🙂👍👏,2 hari yang lalu
youtube,i wanna get closer and closer and close-aaaaaaaaaar!!,2 hari yang lalu
youtube,Thanks You so much to YouTube and Coachella ❤❤❤❤❤,2 hari yang lalu
youtube,What a whacked out choad.,2 hari yang lalu
youtube,Im about 6 years older than him but Im so glad Justin came out during the prime time of child stars hitting mainstream with all age fan base loving them and even before the rise of social medial and smart phones. He deserves all his flowers.,2 hari yang lalu
youtube,The Lord has anointed this man with such a beautiful gift. Praying for you brother,2 hari yang lalu
youtube,❤❤ so good,2 hari yang lalu
youtube,❤,2 hari yang lalu
youtube,"Alright alright let's see what all the hype is about

Edit: I liked it yall chill tf out",2 hari yang lalu (diedit)
youtube,He’s performance heal something in all of us millennials!,2 hari yang lalu
youtube,🔥,2 hari yang lalu
youtube,and oh his smile 🥹 .,2 hari yang lalu
youtube,May all the truest love find you,2 hari yang lalu
youtube,He is not even trying,2 hari yang lalu
youtube,Mi chiqui hermoso 😢❤,2 hari yang lalu
youtube,Justin rompiendo el internet como sabe hacerlo,2 hari yang lalu
youtube,"Tantos no podemos estar equivocados , que grande eres Bieber",2 hari yang lalu
youtube,Guitar goes hard! 🔥,2 hari yang lalu
youtube,"God, I love him, sooooo muchhhhh",2 hari yang lalu
youtube,MK.GEE ON GUITAR IM SICKKKK,2 hari yang lalu
youtube,OMG 🥹🥹🥹❤️,2 hari yang lalu
youtube,"Drink water, best suggestion.❤",2 hari yang lalu
youtube,"BRO im crying rn, he’s genuinely happy now ❤❤❤",2 hari yang lalu
youtube,Lazy -not worthy of 10 M dollars,2 hari yang lalu
youtube,"I've experienced a failed marriage, but music has helped me move on with myself. Thank you, music is amazing!",2 hari yang lalu
youtube,Necesito tatuarme este video,2 hari yang lalu
youtube,❤❤❤❤,2 hari yang lalu
youtube,"I think people wanted BIG PERFORMANCE LIKE BACKUP DANCERS, huge autotune all managed in backstage. But why? He’s literally showing you the backstage process ON THE STAGE. 
He alone is enough you know! No dance. No extravagance. ONLY JB. And he can ACTUALLY PERFORM WHATEVER SONG HE WANTS NOT CONTROLLED BY SOMEONE ELSE. It’s about who’s in charge baby. We with you justin Bieber",2 hari yang lalu
youtube,me moje,2 hari yang lalu
youtube,My 75 year old school mom gets tickled pink when she sees Justin Bieber sing.,2 hari yang lalu
youtube,JB fan forever ♾️+❤,2 hari yang lalu
youtube,He really is a timeless Pop icon,2 hari yang lalu
youtube,Is that Mike?,2 hari yang lalu
youtube,"Such a good song! Creds to the songwriters:
Dijon Duenas (known professionally as Dijon)
Tobias Jesso Jr.
Michael Gordon (known as Mk.gee)
Eddie Benjamin
Carter Lan
Dylan Wiggins (also credited as Sir Dylan)
Daniel Chetrit 

And ofc JB :D",2 hari yang lalu (diedit)
youtube,cool,2 hari yang lalu
youtube,so jealous with this year coachella attendees,2 hari yang lalu
youtube,💜💜,2 hari yang lalu
youtube,Those boots 👢 😂😂😂😂😂😭😭😭,2 hari yang lalu
youtube,Soooooooo happy✨♥,2 hari yang lalu
youtube,closer and closer and closaaaaah,2 hari yang lalu
youtube,Ya comparte el concierto completo,2 hari yang lalu
youtube,He made it back from the belly of the beast.,3 hari yang lalu
youtube,The best song ever,3 hari yang lalu
youtube,This is just garbage -,3 hari yang lalu
youtube,"I'm 50, loving JB performance, he kept the attention of his audience 🎉❤😊",3 hari yang lalu
youtube,❤❤❤❤❤,3 hari yang lalu
youtube,I respect Justin and he is so talented. The road to Coachella must have been hard. He did it!,3 hari yang lalu
youtube,Showmanship at his peak!,3 hari yang lalu
youtube,Been praying for you ❤ so good to see God working through you!,3 hari yang lalu
youtube,❤❤love this guy. I’m 70 and would love to meet him,3 hari yang lalu
youtube,God bless you ❤❤❤,3 hari yang lalu
youtube,Amazing!!!,3 hari yang lalu
youtube,"his voice is amazing, but i wonder what happened here 1:39 ?",3 hari yang lalu
youtube,🏆👑🏆 THE MAN IS GREAT…,3 hari yang lalu
youtube,"It’s common in big concerts for artists to either have a backing vocal throughout the entire song(especially rap), or in this case, just for a certain part. It’s just to provide a better sound or to keep the artist in key. You can actually hear it faintly in other sections of this performance. He knew the backing track would be there and took a moment to catch his breath and connect with Mk.gee. Nothing crazy.",2 hari yang lalu (diedit)
youtube," @minustheface  i see, i thought there was an audio or instrumental issue or what, just wondering. I don’t mind with the backtrack, yeah it’s very common.",2 hari yang lalu (diedit)
youtube,"A backtrack? That's so normall bro most artist do that to catch breathe lmaoo but still we can literally hear his raw vocals, his mic is on.",2 hari yang lalu
youtube," @javzhang9666 i’m not talking about the backtrack, i have no problem with it, fr. I just thought he might have an audio issue or what, just it 😊",2 hari yang lalu
youtube, @javzhang9666 read,2 hari yang lalu
youtube,Maybe he needed a voice break lol,2 hari yang lalu
youtube, @ginnynoga7870 got it 😅,2 hari yang lalu
youtube,Como alguém conseguiu criticar esse espetáculo????? 🤷‍♀️,3 hari yang lalu
youtube,So many supportive fans - glad everyone stuck behind him.  He deserves every second of it.😊. Raw talent since the day he was born.,3 hari yang lalu
youtube,Apologies JB for all the judgement now we know why… so glad seeing you perform in such light. God Bless you.,3 hari yang lalu
youtube,I really appreciate the effort and passion behind this video.,3 hari yang lalu
youtube,💚,3 hari yang lalu
youtube,Porque todo artista tem que se vestir estranho?,3 hari yang lalu
youtube,This was a good set and performance.,3 hari yang lalu
youtube,HE is so FREE !!!!! I LOVE YOUR FREEDOM JUSTIN BIEBER!!!! You DESERVE IT !!!! WE SUPPORT AND WE LOVE YOU!❤❤❤,3 hari yang lalu
youtube,This performance is outstanding It helped me understand better.,3 hari yang lalu
youtube,"I don't understand what they're waiting for to upload ALL of Justin's videos and the ENTIRE live stream. Who's handling your marketing, guys? Wake up!",3 hari yang lalu
youtube,tempos ruins fazem pessoas boas tomarem decisões ruins isso não os torna pessoa ruins  justim Bieber great human 1🙏🙏🙏☝️,3 hari yang lalu
youtube,"Not every quiet phase is a downfall. Some are powerful comebacks in progress. Proud of you , Justin ❤❤❤ We Love You So Much ! 💗 Come back stronger 💪 God Bless You 🙌",3 hari yang lalu
youtube,Heartfelt performance 💟💟,3 hari yang lalu
youtube,took yall long enough to post this,3 hari yang lalu
youtube,I liked his overall performance best. It felt authentic and relatable for some reason. Big Love to JB,3 hari yang lalu
youtube,Him and Posty need to tour,3 hari yang lalu
youtube,❤❤,3 hari yang lalu
youtube,wonder how many times his been Diddy'd...Doh,3 hari yang lalu
youtube,Awesome!!!!,3 hari yang lalu
youtube,Anyone daring to walk the miles this dude has walked wouldn’t last half the journey. This is what healing looks like,3 hari yang lalu
youtube,i guess they just want to propperly mix and master the audio for the performances,2 hari yang lalu
youtube,He should sing baby next year with his 13 yr old hairstyle for nostalgia,3 hari yang lalu
youtube,"Absolute cinema!
The camera work is insane. You could post this video as an official music video, and I'm sure no one would have said otherwise",3 hari yang lalu
youtube,"he's so HAPPY
FINALLY!!!!!!!!!!!!",3 hari yang lalu
youtube,"Congratuation, Justin... 🎉🎉🎉",3 hari yang lalu (diedit)
youtube,Where is the old song video in this?,3 hari yang lalu
youtube,will you post the full set 😢,3 hari yang lalu
youtube,Bieber is always amazing❤...but this guitar sound 🫣,3 hari yang lalu
youtube,Where is the full live of justin???,3 hari yang lalu
youtube,so gooood to see him this happy!,3 hari yang lalu
youtube,We all love you. I'm a big fan  from thai,3 hari yang lalu
youtube,Aku bukanlah fans justin bieber. Tapi penampilannya sungguh menghibur🎉,3 hari yang lalu (diedit)
youtube,💘💘💘💘,3 hari yang lalu
youtube,Let's let him win. He's one of the musical geniuses of our generation.,3 hari yang lalu (diedit)
youtube,mr biebs is o fireee,3 hari yang lalu
youtube,CLOSA AND CLOSA AND CLOSAAAAAA,3 hari yang lalu
youtube,THAT VOICE ❤❤❤ Incredible performances! Thank you Justin!!,3 hari yang lalu
youtube,Belloooo,3 hari yang lalu
youtube,❤nunca he podido entender porqué usa esa ropa tan grande,3 hari yang lalu
youtube,有沒有台灣的Beliebers🇹🇼❤❤,3 hari yang lalu
youtube,his voice is too good to listen to,3 hari yang lalu
youtube,Welcome back Bieber,3 hari yang lalu
youtube,Te amo Justin,3 hari yang lalu
youtube,OMG….Justin and MK.gee Collaborating on ‘Daises’ is a gift to us all….such talent and magic together in this moment….Mk.gee’s gifted string instrument distortion and Justin’s amazing vocals and ….‘Swag’….just take this song to another level of musical innovation….,3 hari yang lalu
youtube,nice he dressed up for it,3 hari yang lalu
youtube,"Wow es como un retroceso en el tiempo, justin bieber en un escenario simplemente genial.",3 hari yang lalu
youtube,Overrated.... Boring,3 hari yang lalu
youtube,The way a love this beautiful human being ❤,3 hari yang lalu
youtube,Thank you JB! You are the best,3 hari yang lalu
youtube,Justin Bieber is very lucky he didn't go viral for reasons that would've been in a bad light. Racist POS.,3 hari yang lalu
youtube,🥲 Proud of you Bieber 👏🏽 🫶🏽🌻,3 hari yang lalu
youtube,He was happy because his family was there ❤,3 hari yang lalu
youtube,Incredible come back for Justin Bieber ❤️👏👏👏,3 hari yang lalu
youtube,thanks for healing me my brother Justin,3 hari yang lalu
youtube,He looks healthy! So happy to see❤️,3 hari yang lalu
youtube,CLOSER AND CLOSER AND CLOSAAAAAAH,3 hari yang lalu
youtube,closer and closer and closaaaaaahhhhhh,3 hari yang lalu
youtube,Men still men ❤,3 hari yang lalu
youtube,❤🤩👏👏,3 hari yang lalu
youtube,he doesn't give a f and he deserves it,3 hari yang lalu
youtube,Okay Camera work!!! 💯💯💯,3 hari yang lalu
youtube,Who are you?,3 hari yang lalu
youtube,🎉❤,3 hari yang lalu
youtube,❤❤❤❤,3 hari yang lalu
youtube,Not even a belieber but after this I think I'm becoming one and I know he went through much. His charm just got me <3,3 hari yang lalu
youtube,Perfect 🥹🥹🥹🥹🥹🥹🥹🥹🥹🥹,3 hari yang lalu
youtube,"he just made the live version better, but when he smile singing “closah and closah and closaaaaahhh” just 🤯🍒🎂 thanks camera man to get so closer",3 hari yang lalu
youtube,mkgee plays the guitar like a super villain,3 hari yang lalu
youtube,Two full ads - really?  Settle down channel.,3 hari yang lalu
youtube,I feel like I’ve been gone from home for a really long time and I’m finally back,3 hari yang lalu
youtube,Why do I feel both sad and happy about his return? :face-purple-crying:,3 hari yang lalu
youtube,"ku kira audioku yg rusak, ternyata emang genjrengan gitarnya kek gitu ;-;",3 hari yang lalu
youtube,"He looks heathy and genuinely happy, made me smile",3 hari yang lalu
youtube,Honestly the hate don’t matter,3 hari yang lalu
youtube,This is so cool - the atmosphere had to be unreal,3 hari yang lalu
youtube,This is way better than the crazy productions we see all the time now.  This is music. An actual talent.,3 hari yang lalu
youtube,I see you mk.gee,3 hari yang lalu
youtube,maaaaaaan,3 hari yang lalu
youtube,❤❤❤❤❤❤❤❤❤❤❤❤❤❤❤❤❤❤❤❤❤❤❤❤❤❤,3 hari yang lalu
youtube,Ameeeeeeee no lo supero. ❤❤❤❤❤❤❤❤❤❤❤,3 hari yang lalu
youtube,karaoke bieber,3 hari yang lalu
youtube,GOAT,3 hari yang lalu
youtube,These artist with these empty spaces they perform from - what’s really going on???,3 hari yang lalu
youtube,Beautiful,3 hari yang lalu
youtube,Cameraman needs a raise,3 hari yang lalu
youtube,"going through break up rn. or idek if we did. her heart isn't with me. watching the last part where it's just instruments, made me miss her so much. all the good memories together came down all at once. Iloveyousomuch mahal ko, i will be waiting until then.",3 hari yang lalu
youtube,💜✨,3 hari yang lalu
youtube,AURA,3 hari yang lalu
youtube,:face-purple-wide-eyes::face-purple-wide-eyes::face-purple-wide-eyes::face-purple-wide-eyes::hand-pink-waving::hand-pink-waving::face-blue-smiling::face-blue-smiling:absolute cinema:trophy-yellow-smiling::washhands:,3 hari yang lalu
youtube,❤🤴👑👑👑😇😇😇🌟🌟🌟🌟✨️✨️✨️✨️🪄🪄🪄🪄🌟🌟🌟🌟✨️✨️✨️✨️😇😇😇🌟🌟🌟🌟✨️✨️✨️✨️🪄🪄🪄🪄🪄🪄,3 hari yang lalu
youtube,I loveeeee this it’s cool our Justin Bieber has return to stage !!!!!!,3 hari yang lalu
youtube,Amazing voice and healed energy! He doesnt need more than his raw talent! Love this!,3 hari yang lalu
youtube,❤,3 hari yang lalu
youtube,me hace feliz que este de nuevo feliz arriba de un escenario❤,3 hari yang lalu
youtube,Prime Bieber back??? it's peak,3 hari yang lalu
youtube,Justin is Amazing 🎉🎉🎉😊,3 hari yang lalu
youtube,He looks healthy and happy,3 hari yang lalu
youtube,Relaxation and gestures. Coachella filled with MacBooks,3 hari yang lalu
youtube,You can tell in most parts he is NOT lip sincingw,3 hari yang lalu
youtube,"Bieber looks healthy, I pray that his inside is healthy and is as good as the outside looks.  May God always be with you.   ❤🙏🏻🕊️✝️🙏🏻❤️",3 hari yang lalu
youtube,W Mk.gee,3 hari yang lalu
youtube,"Production in this is insane. And Justin became a relatable person, his voice is not the BEST, but he is still a skilled musician, he knows how to play different instruments, and has musicality. Good for him he is doing good.",3 hari yang lalu (diedit)
youtube,The obviously AI generated thumbnail is too funny.,3 hari yang lalu
youtube,He reminds me of GaryTheProducer he's old and angry,3 hari yang lalu
youtube,"Small  production, more money to earned..",3 hari yang lalu
youtube,New boot goofin,3 hari yang lalu
youtube,Some of us ain’t cheap dates. Sorry but lousy headliner performance.,3 hari yang lalu
youtube,Clown,3 hari yang lalu
youtube,Effortless performance.. just being himself,3 hari yang lalu
youtube,"this was pure artistry on stage x thank you JUSTIN, FOR REMINDER US IT S ABOUT THE MUSIC",3 hari yang lalu
youtube,❤❤❤ Such a great performance and show.😊😊😊Sweet...,3 hari yang lalu
youtube,He’s still so handsome!! From his Bieber hair to this 🤪😱🤭,3 hari yang lalu
youtube,Yes ❤ I said FOREVER and I meant it 😘😘😘 Waiting for you to show up ❣️❣️❣️🌹🌹🌹🎶🎶🎶 Love of My Life 🥰🥰🥰🎉🎉🎉🎂🎂🎂 Carrie,3 hari yang lalu (diedit)
youtube,"Happiest and most relaxed hes seemed in a long time,  much love to him ⭐️",3 hari yang lalu
youtube,I love his voice so much,3 hari yang lalu
youtube,Great performance crazy outfit LOL haha we like it anyway 🎉❤❤❤,3 hari yang lalu
youtube,Who thought is was m&m,3 hari yang lalu
youtube,So much respect for you Justin!,3 hari yang lalu
youtube,That’s crazy🐐❤️‍🔥❤️‍🔥❤️‍🔥❤️‍🔥❤️‍🔥,3 hari yang lalu
youtube,mk. gee  en vivo  con tu guitarra .!!,3 hari yang lalu
youtube,What a voice 🤤 🤩 ❤,3 hari yang lalu
youtube,Mk.gee is such a badass. So pumped that this dude is blowing up.,3 hari yang lalu
youtube,Indie music is making a big comeback,2 hari yang lalu
youtube,2 days ago coachella only had 1m now its at 6m,3 hari yang lalu
youtube,I'm now a bieleber,3 hari yang lalu
youtube,Idk but seeing him again in live stage confident with what he have kinda makes my heart warm 🥹,3 hari yang lalu
youtube,🤩♥️,3 hari yang lalu
youtube,1:21 gets me so giddy,3 hari yang lalu
youtube,Simplesmente incrível.,3 hari yang lalu
youtube,🌼🌼🌼❤️❤️❤️✨✨✨,3 hari yang lalu
youtube,He looks happy again. It’s so good to see him smiling and enjoing himself,3 hari yang lalu
youtube,Welcome back Justin... welcome back,3 hari yang lalu
youtube,BIEBERCHELLAAA!!,3 hari yang lalu
youtube,Stage design is dope.,3 hari yang lalu
youtube,Bieber,3 hari yang lalu
youtube,Love you,3 hari yang lalu
youtube,🥰 Justin 🥰,3 hari yang lalu
youtube,❤🙏,3 hari yang lalu
youtube,❤❤❤❤❤,3 hari yang lalu
youtube,Love his voice,3 hari yang lalu
youtube,obrigada,3 hari yang lalu
youtube,The Cinematography at Coachella has been insane,3 hari yang lalu
youtube,😍😍😍😍,3 hari yang lalu
youtube,That smile,3 hari yang lalu
youtube,"Justin Bieber is proof that no matter how far you fall, you can always rise again. He went through struggles and lost direction for a time, but he didn’t stay there. He grew, changed, and found his way back stronger, wiser, and grounded in faith. At Coachella 2026, he didn’t just perform👌he showed healing, growth, and redemption. 

Let this remind you: your past doesn’t define your future. You can always start again. God bless.😇",3 hari yang lalu
youtube,i want this version on spotify. somehow better than the studio one,3 hari yang lalu
youtube,still recovering from this🥹💜,3 hari yang lalu
youtube,MAGNÉTICO. Podría verlo horas y horas sin cansarme.,3 hari yang lalu
youtube,i was up at 4 AM just to see this but it  was SO  cool and funny,3 hari yang lalu
youtube,"i will play this all time, all year long, and will be when i have my own family",3 hari yang lalu
youtube,Nosso Goat voltou....,3 hari yang lalu
youtube,Where can I see the full concert?,3 hari yang lalu
youtube,Voice of an angel I swear,3 hari yang lalu
youtube,❤❤,3 hari yang lalu
youtube,Justinn you're the GOAT,3 hari yang lalu
youtube,Eu amo muito esse cara 💜🇧🇷🇧🇷,3 hari yang lalu
youtube,🌼🌼🌼🌼🌼❤🙌💥❤️🤗💥❤️,3 hari yang lalu
youtube,I’d rather have this kind of performance. Live vocals and heartfelt singing. Rather than singing few lines and just literally chill like justin timberlake 🤷‍♀️,3 hari yang lalu
youtube,BE CLOSER BE CLOSER BE CLOSERRRRRRRR,3 hari yang lalu
youtube,Don't wanna be friends JUST SKIN TO SKIN,3 hari yang lalu
youtube,I thought it was sweet and cool!,3 hari yang lalu
youtube,He has a spinning camera. He has to watch for that through the smoke and he sounded amazing. He has such good pitch every live performance.,3 hari yang lalu
youtube,🙌🙌🙌🙌🙌🙌,3 hari yang lalu
youtube,2:57 esse momento foi tão lindo ❤❤❤,3 hari yang lalu
youtube,"thanks for your comment, that`s really means a lot to me.",2 hari yang lalu
youtube,Im so crying of this comment,1 hari yang lalu
youtube,I agree 100%. This performance brings tears to my eyes and touches my heart deeply. I've prayed for Justin many times. So wonderful to see Hailey and the baby there with him as well! 🫀♥,1 hari yang lalu
youtube,He never really fell he just let the world get him down. Justins good man he been good. He just gotta know that and he does now. Hes good.,1 hari yang lalu
youtube,Well said!!,1 hari yang lalu
youtube,I judged this performance unfairly. I went deeper and fell in love with 2026 beebs,20 jam yang lalu
youtube,"Yeah but you'd have to be very successful in the first place before you fall to ""rise again"".",23 jam yang lalu
youtube,"ONE THOUGHT, WHY WASN'T I THERE... 💯😅😉💜👍👍",13 jam yang lalu
youtube,"But don’t forget, The past affects the present",4 jam yang lalu
youtube,Amen 🙏 The entire energy he's giving off is so deeply resonating and feels so emotionally releasing 🫶✨️🤍,2 hari yang lalu
youtube,And we are made NEW in Christ our Savior!!!!! Amen!!!!,2 hari yang lalu
youtube," @leahfide Give us all a break. It’s music, not formulaic religion.",2 hari yang lalu
youtube,Amen!!❤,2 hari yang lalu
youtube,"What's wifh the oversized clothing,  looks ridiculous",1 hari yang lalu
youtube,He has insane connection and can sing. He was always going to be fine,1 hari yang lalu
youtube,no 100%. the live bass sounds SO good it makes me feel alive like i’m really there. i can’t even imagine how good this song sounded live it’s insane,2 hari yang lalu
youtube,Yessss!!!,2 hari yang lalu
youtube,💯,1 hari yang lalu
youtube,totally,2 hari yang lalu
youtube,please do it,2 hari yang lalu
youtube,@spotify,11 jam yang lalu
youtube,ICONIC!!❤,3 hari yang lalu
youtube,3 more days til i can see you again 🎶🎶🎶 counting the days to 4/18 Coachella again,3 hari yang lalu
youtube,"This kid has the power to reach people’s heart, that’s what makes him THE artist. ❤",3 hari yang lalu
youtube,The editing is really helpful I did not expect it to be this good.,3 hari yang lalu
youtube,mk.gee on the guitar is sooo fckng good,3 hari yang lalu
youtube,"Thank you, Justin! It was increadibly good! ❤",3 hari yang lalu
youtube,He's smiling btw🥹😭,3 hari yang lalu
youtube,❤,3 hari yang lalu
youtube,Why am I crying?,3 hari yang lalu
youtube,This healed me..,3 hari yang lalu
youtube,We aren’t talking enough about the genius that is Mk.Gee,3 hari yang lalu
youtube,Gasi,3 hari yang lalu
youtube,Icon,3 hari yang lalu
youtube,flop,3 hari yang lalu
youtube,"hes had some good tunes
n this is another one.
i like this song.",3 hari yang lalu
youtube,Nice job,3 hari yang lalu
youtube,Closer and closer and closahhh🥰,3 hari yang lalu
youtube,ts shot like a hunger games fight scene,3 hari yang lalu
youtube,🇨🇦🩵🩵,3 hari yang lalu
youtube,You’re great!,3 hari yang lalu
youtube,Hermoso ❤❤,3 hari yang lalu
youtube,Can you imagine paying thousands of dollars to support millionaires that have no idea that you're alive.,3 hari yang lalu
youtube,This sounds excellent. Bravo!,3 hari yang lalu
youtube,Again and again and again and then for the rest of my life amen,3 hari yang lalu
youtube,Nothing about it was lazy. It was authentic and very intimate and personal - it was performance art and not just performance. So proud of someone I don't even know.,3 hari yang lalu
youtube,The guitar and drums sound so bad in this verison but its so addicting to hear how bad it is,3 hari yang lalu
youtube,Who else is here because of the switch up in beauty and a beat?,3 hari yang lalu
youtube,Hes doing his OG Vocal style. Love it.,3 hari yang lalu
youtube,Kidrauhl 💪🏻💯❤️‍🔥,3 hari yang lalu
youtube,"3 things:
less is more
that guitar 
the closer",3 hari yang lalu
youtube,"At least he's not covered in demonic gear showing out for the devil himself, or is that what you people want to see and that's why you're crying he was lazy? 🙄🤦🏼‍♀️",3 hari yang lalu
youtube,Loved the way he smile while performing 💜,3 hari yang lalu
youtube,The wrong people are talking his performance when they said lazy. This was absolutely an amazing performance. We and him needed this ❤❤,3 hari yang lalu
youtube,perfect forever,3 hari yang lalu
youtube,Biebs 🥹♥️ Incredible,3 hari yang lalu
youtube,Was waiting for this! Let’s Go Justinnn,3 hari yang lalu
youtube,What a comeback from a legend 💙✨🔥,3 hari yang lalu
youtube,THIS IS VERY GOATED,3 hari yang lalu
youtube,My man Mk.gee Lets GOO. Best guitar player of the last decade.,3 hari yang lalu
youtube,"Just want him healthy and happpy,always has deserved it peace",3 hari yang lalu
youtube,It’s the style of the guitarist the actual song doesn’t sound like this,3 hari yang lalu
youtube,Never had fomo until now 😭😭,3 hari yang lalu
youtube,Justin Bieber has made Coachella known world wide.watching from Sierra Leone in west Africa.just for Justin,3 hari yang lalu
youtube,I love you,3 hari yang lalu
youtube,❤❤❤,3 hari yang lalu
youtube,I'm confused why people are saying this was lazy? He performed?,3 hari yang lalu
youtube,"love this version of justin, he's look happy",3 hari yang lalu
youtube,"PLEASE MAKE A MOVIE ABOUT HIS JOURNEY FROM CHILD TO NOW ON HOW HE STARTED, GOT LOST, AND GOT REDEEMED.",3 hari yang lalu
youtube,My favorite song omg 🌼❤,3 hari yang lalu
youtube,This is a masterpiece. Bieber I LOVE YOU SO MUCH AND IM SO PROUD OF YOU,3 hari yang lalu
youtube,Amazing,3 hari yang lalu
youtube,It feels nice to see this version of justin beiber on Coachella stage. It’s been a long timeee,3 hari yang lalu
youtube,The Biebs is only getting better with time. Love it.,3 hari yang lalu
youtube,❤❤❤❤❤ love you 🥰,3 hari yang lalu
youtube,Dude just likes singin'.,3 hari yang lalu
youtube,Mk.Gee 😍😍😍,3 hari yang lalu
youtube,<3,3 hari yang lalu
youtube,"this was awesome, such a good idea!",3 hari yang lalu
youtube,I love Justin❤️,3 hari yang lalu
youtube,"What a voice!
Awesome!
And a superb sense of style!",3 hari yang lalu
youtube,"Awesome performer, musician, creative personality!
No matter what happens in his life, he is an amazing professional!
Amazing dude!",3 hari yang lalu
youtube,He's could've become a white Michael Jackson,3 hari yang lalu
youtube,I freaking love this Dude❤❤❤❤❤😂wished I could have seen him,3 hari yang lalu
youtube,"Increíble, a pagar YT premium de nuevo 🤧🥹💜",3 hari yang lalu
youtube,Closer n closer and closaaaaahhhhhh😫😫🫠,3 hari yang lalu
youtube,💜💜💜💜💜💜,3 hari yang lalu
youtube,💜💜💜💜💜💜💜,3 hari yang lalu
youtube,We love uu justin 💜beber fever💜💜💜💜,3 hari yang lalu
youtube,❤❤❤❤,3 hari yang lalu
youtube,Te amo hermosoooo. El mejor del mundo💜💜💜💜🛐🛐🛐🛐,3 hari yang lalu
youtube,Who's the director behind this show? Who did the set design and the lighting? Gemini isn't giving me any concrete names 😅The whole show is incredible. Does anyone know?,3 hari yang lalu
youtube,MKGEEEEEEEEEEEEEEE,3 hari yang lalu
youtube,I'm in love with the guitarist 🎸 😍,3 hari yang lalu
youtube,Needs live drums 🥁🤷🏾‍♀️,3 hari yang lalu
youtube,Some of his best work.,3 hari yang lalu
youtube,1:10,3 hari yang lalu
youtube,where is the full performance?,3 hari yang lalu
youtube,Is that mk.gee*,3 hari yang lalu
youtube,❤❤❤❤❤❤❤❤❤❤❤❤❤ welcome backkkkkkk,3 hari yang lalu
youtube,The hard work this young man put in…👏👏👏,3 hari yang lalu
youtube,The Smile he might just be back,3 hari yang lalu
youtube,I like it!!!!!!!✝✝✝✝✝✝🫶🙏🏼🩷🩷🩷,3 hari yang lalu (diedit)
youtube,Let’s perform at next year’s Super Bowl Halftime Show.,3 hari yang lalu
youtube,"1:26  I'm obsessed with his ""closer, closer and closaahh"" ❤️‍🔥",3 hari yang lalu
youtube,Real pop star❤❤❤❤❤,3 hari yang lalu
youtube,🇨🇦Justin owned that stage.,3 hari yang lalu
youtube,"he is the only performer of this era that can rock up to Coachella so casually - wearing chill clothes, chill vibes, no production just RAW AUTHENTIC TALENT. LEGEND OF HIS ERA",3 hari yang lalu
youtube,😊😊😊😊😊😊,3 hari yang lalu
youtube,Does anyonw know where i can see the full set? I am so in need of this in my life in a real deffinitive sense. iI looked for a Real intense effort but no succes at all. If it's paid to watch i am fine with that. I NEED TO SEE IT AAAA.,3 hari yang lalu
youtube,Mk.gee sounded so raw here!!! What a performance from the both of them,3 hari yang lalu
youtube,Amen,3 hari yang lalu
youtube,His voice when singing❤❤❤,3 hari yang lalu
youtube,CLOSER AND CLOSER AND CLOSAAAH 😁😁😁,3 hari yang lalu
youtube,"what a GOAT this was the coolest thank you to justin bieber, mkgee and whoever came up with this awesome idea",3 hari yang lalu
youtube,Dude... I actually really like this. It's what Coachella festival used to be! He should do this again next week.,3 hari yang lalu
youtube,The sobriety looks good on him,3 hari yang lalu
youtube,this is like watching mona lisa getting painted,3 hari yang lalu
youtube,MkGeeChella,3 hari yang lalu
youtube,Imagine thinking this isn’t 🔥 (or that my.gee on the 🎸 in the background isn’t a fuggin’ aura). And that camerawork 🤌🏼,3 hari yang lalu
youtube,this was the best coachella stage ever i think we actually reached peak,3 hari yang lalu
youtube,We need the full performance on here. It was too iconic not to have access to it.,3 hari yang lalu (diedit)
youtube,"yeah, no choreography, no back up dancers, no bs, just live vocals and good vibes. everyone else today needs a bunch of stiff with them on the stage bc they alone aren’t enough to keep the audience entertained, but jb can do it",3 hari yang lalu
youtube,@nek53735justin bieber used to be the main one with all that stuff. dude was jumping off trampolines in his concerts.,2 hari yang lalu
youtube,​@nek53735live vocals? Lol. Okay maybe 10% of what youre hearing is live. His live singing is played very softly over a prerecorded vocal,11 jam yang lalu
youtube,Very well said 👌🫶 so proud of him 🫶,3 hari yang lalu
youtube,there's still more production than you notice...thus the genius of it,2 hari yang lalu
youtube,"​ @7halfiej7 yes. Like the ""no makeup"" look.",2 hari yang lalu
youtube, @7halfiej7 exactly,13 jam yang lalu
youtube,"The groupie-ism of this era is ASTOUNDING. This is the best era, ever, to be a star..because the parasocial worship is at levels never seen before. People truly idolize on a whole other level. He can do anything and people will find a way to make it ‘great’",2 hari yang lalu
youtube, @marcelmarshall4240 he really is a great talent and always has been it’s not hard to see,2 hari yang lalu
youtube, @marcelmarshall4240 haha what’s ur definition of great?,2 hari yang lalu
youtube,There are thousands of actual rock  musicians who can do this every night they perform. But they don't get an invite to Coachella because they aren't Justin Bieber.,3 hari yang lalu
youtube, @azalago correct 🎉🎉🎉,2 hari yang lalu
youtube,"@a @azalago you said it yourself, not invited because they ain’t JB. In other words they ain’t on the same level of talent and connection like this.",2 hari yang lalu
youtube,😂😂😂😂😂,1 hari yang lalu
youtube,No production? I enjoyed this performance but no production is a crazy comment. Lights? Crazy stage? Him walking around the stage is absolutely choreographed even if its not crazy. He definitely planned this performance. He obviously did a good job to make it look so casual,1 hari yang lalu
youtube,No production? 😂 Lights and fireworks...?,21 jam yang lalu
youtube,Lol,2 hari yang lalu
youtube,Weeknd can do it too,2 hari yang lalu
youtube," @라리가-c1b justins got a way better voice, abel’s got skills but justin’s voice is on another level",2 hari yang lalu
youtube,True talent,2 hari yang lalu
youtube,❤❤❤yesss,2 hari yang lalu
youtube,ed sheeran?,2 hari yang lalu
youtube,He’s the only one to get paid 10 million for that …. Beyoncé was paid 8 million …. Just for context people…,2 hari yang lalu
youtube,Some people will call it lazy. I'm some people.,2 hari yang lalu (diedit)
youtube, @wish.i.was.a.little.bit.taller you’re no one to me,2 hari yang lalu
youtube,"Still sounds like a boy, but he is not. Something looks off",1 hari yang lalu
youtube,I saw a monkey play bongos while his elderly owner shredded on the accordion.,1 hari yang lalu
youtube,Yeahhhh!,13 jam yang lalu
youtube,Who says there’s no production? Look again closely. It was well thought through to give us this vibe. Genius!,8 jam yang lalu
youtube,The irony of his origins is crazy,15 menit yang lalu
youtube,"It's not pure talent it's gender roles of what men are expected to wear vs women 😂 male celebrities wear tshirts all the time ed sheeran, shawn mendes, etc.",2 hari yang lalu
youtube,WE ARE SO BACK GUYS 😭😭😭❤️❤️❤️,3 hari yang lalu
youtube,something about Justins voice just makes me smile😊 hes got 'it',3 hari yang lalu
youtube,THE BESTTTTT,3 hari yang lalu
youtube,"The simplicity of this performance is beautiful and inspiring. You don't need much, just heart, soul and belief in what you're doing. Bravo man!",3 hari yang lalu (diedit)
youtube,What sound does a chainsaw make?,3 hari yang lalu
youtube,truly talented never forget that Justin,3 hari yang lalu
youtube,I RECOMMEND THAT YOU LISTEN MY REMIX TO THIS GREAT SONG.😍👌,3 hari yang lalu
youtube,Yeah is it lazy or does he want to be treated like a human instead of a product? Yeesh.,3 hari yang lalu (diedit)
youtube,"I don’t know what people are complaining about. This was amazing. Just him and his voice, laid back and raw. I think people just look for something to whine about.",3 hari yang lalu
youtube,Good for U b!,3 hari yang lalu
youtube,The goat JB,3 hari yang lalu
youtube,I love him👏,3 hari yang lalu
youtube,"Tô orgulhosa pra caramba deles!
Que absurdo que eles estão😮❤",3 hari yang lalu
youtube,Absolutely fantastic. YOU GOT THIS JUSTIN.  ✌️🤎💜💙😎,3 hari yang lalu
youtube,Justin.  HES BACK.  🐈‍⬛✌️💙💜🤎😎,3 hari yang lalu
youtube,DUDE IS LOCKED IN.. well done brother.. GO LEAFS,3 hari yang lalu
youtube,BEIBER FEVER forever ❤❤❤,3 hari yang lalu
youtube,JUSTIIIINNNNN,3 hari yang lalu
youtube,THIS WAS SO GOOD. MY HEART IS SO FULLLLLL,3 hari yang lalu
youtube,ppl who are mad about his set aren’t there to appreciate the music.,3 hari yang lalu
youtube,Yoooooooooo,3 hari yang lalu
youtube,Bro just became a literal daisy,3 hari yang lalu
youtube,This is the greatest thing ever made,3 hari yang lalu
youtube,"The guitar’s kinda too distorted, isn’t it? Otherwise it’s hella nice.",3 hari yang lalu
youtube,i just started listening to his music and i love it so much. Its giving nostalgia,3 hari yang lalu
youtube,기타 진짜 미쳤다 맥기,3 hari yang lalu (diedit)
youtube,"Justin is back , 🥰👌",3 hari yang lalu
youtube,ICONIC!,3 hari yang lalu
youtube,MY GOD THAT ANGLE,3 hari yang lalu
youtube,God bless this cameraman,3 hari yang lalu
youtube,Excepcional!!!,3 hari yang lalu
youtube,"Absolutely amazed, just his voice is enough, he doesn’t need the glitter, the dancers and the smoke 🐐🐐🐐🐐",3 hari yang lalu
youtube,TE AMO MUCHO JUSTIN BIEBER JADBFADBJIADKHFB AD,3 hari yang lalu
youtube,I just realised my love for justin had  never gone😢😢😢😢😢,3 hari yang lalu
youtube,He looks so happy and healthy! God bless!,3 hari yang lalu
youtube,"JB you’re so talented, legend forever",3 hari yang lalu
youtube,This is the closest I have felt with an artist. He was just chilling with us like he does with his other friends.,3 hari yang lalu
youtube,"Justin, você estava radiante! I'm happy for you, B!❤",3 hari yang lalu
youtube,can't wait for week 2,3 hari yang lalu
youtube,The stage looks awesome!,3 hari yang lalu
youtube,listen I'm no wild jbieb fan but - anyone saying this is lazy lacks the depth to make anything meaningful in their life.,3 hari yang lalu
youtube,CLOSER CLOSER CLOSAAHHHH,3 hari yang lalu
youtube,TE AMOOOOOOOOO<3,3 hari yang lalu
youtube,thia healed me somehow,3 hari yang lalu
youtube,it's a bieber feverrrrrrrrr,3 hari yang lalu
youtube,Now Justin looks healthy and strong again,3 hari yang lalu
youtube,he's always had the WORST style.,3 hari yang lalu
youtube,The Biebs is on some Michael Jackson level frequency. Can never do wrong! Simply the best!,3 hari yang lalu (diedit)
youtube,"❤ I prefer much better his performance than others, glad to see him doing better !",3 hari yang lalu
youtube,Master class  vocalist.Amazing.Bravo.,3 hari yang lalu
youtube,Childhood love Justin ❤❤❤❤ india,3 hari yang lalu
youtube,Mk.gee!!!!!!!!!!!!!!!!!!!!!!!!!!!!!!!!!!!!!!!!!!!,3 hari yang lalu
youtube,"Good intro, Justin do know about music the issue is his little boy voice",3 hari yang lalu
youtube,Genius 😉,3 hari yang lalu
youtube,❤,3 hari yang lalu
youtube,I actually really enjoyed his performance. I hope he’s healing from whatever he went through. He looked great and happy. Super happy for my close personal friend JB😂,3 hari yang lalu
youtube,I’m sick………  with the Bieber fever,3 hari yang lalu
youtube,Sounds Amazing smooth love this! Vocals looks nice happy to see this i could not be there i knew it would be great!❤❤,3 hari yang lalu
youtube,ya empezo mi previa para el sab <3 imposible dejar de ver estooo,3 hari yang lalu
youtube,The best part is from 0:00 to 3:57 🎉,3 hari yang lalu (diedit)
youtube,‘Marvin’ - you sound like a guy who would find the negative in everything,3 hari yang lalu
youtube, @Volant-01  yes becuase i think he has the worst dumbest lookin style. i must think everything is negative? do you know how weird that sounds?,3 hari yang lalu
youtube,Overpaid. His vibe matches under $5 million…for a comeback. Very lowkey.,3 hari yang lalu
youtube,I'm from Morocco,3 hari yang lalu
youtube,I love you Justin Bieber ❤️❤️❤️❤️❤️❤️❤️😗,3 hari yang lalu
youtube,Fawk yeah.. my little bro Justin Muvafawkin Bieber.. i grew up to this little Muvafawker... proud of you bro 🙌🏼🫡,3 hari yang lalu
youtube,Prince of pop,3 hari yang lalu
youtube,Please release the whole performance for those who couldn't make it!!!!,3 hari yang lalu
youtube,horrible tone,3 hari yang lalu
youtube,Que voz limpa e boa hehehee ❤,3 hari yang lalu
youtube,okay post MORE BIEBER,3 hari yang lalu
youtube,"JB is healed, hallelujah. We always wait to see you on the stage, whenever you're ready. We always wait.",3 hari yang lalu
youtube,"Te amo Justin, no me importa lo que digan de ti. <3",3 hari yang lalu
youtube,"His voice was better than ever. Raw authentic performance. No fabricated back up dancers or anything like that needed. He was raw and authentic with his time on stage 🫶🏻 he connected with all those watching him through a screen and made us feel a part of this special day, his special day🥹🫶🏻 THANK YOU JB!❣️",3 hari yang lalu (diedit)
youtube,"This is how it should be, the music and the artist is what we want to see. A beautiful performance with just what is needed.",3 hari yang lalu
youtube,RAW BRAVE... He's a Lotus Blossom,3 hari yang lalu
youtube,🤍🤍⭐,3 hari yang lalu
youtube,Justin Bieber  looking happy 😊 😊,3 hari yang lalu
youtube,I LOVE YOU❤❤❤❤❤❤❤❤❤❤,3 hari yang lalu
youtube,2 million views in less than 24 hours! God of Justin Bieber please locate me,3 hari yang lalu
youtube,si a todo justin.,3 hari yang lalu
youtube,te amooooooooooooooo jb,3 hari yang lalu
youtube,😂😂Hunterdon central achieve teachers including Mrs. Coakley from EKWIPS & Mrs. Manzi 😊come to my birthday party 🎉😂❤😊 everyone will sing for my birthday again next year😊🎉,3 hari yang lalu
youtube,Daisies ❤❤❤❤,3 hari yang lalu
youtube,Closerr and closer and closaaaa~~ God i'm melt❤️‍🔥❤️‍🔥,3 hari yang lalu
youtube,Súbanlo completoooooo,3 hari yang lalu
youtube,SOS EL MEJOR DE TODOS❤️‍🩹,3 hari yang lalu
youtube,So raw and beautiful. That is iconic.,3 hari yang lalu
youtube,Haven’t seen him this relaxed and happy on stage ❤ pure love,3 hari yang lalu
youtube,Whats the song title?,3 hari yang lalu
youtube,Waooooo awesome ❤,3 hari yang lalu
youtube,❤,3 hari yang lalu
youtube,It makes me so happy to see Justin beaming again.,3 hari yang lalu
youtube,"I'm lit. crying he's so happy while performing, my childhood love it's been a while?char HAHAHAHAHAHAHAHAHA Thank you Justin baby you're healing the child inside of me🫰🫰",3 hari yang lalu
youtube,Whats the title of the first song,3 hari yang lalu
youtube,That's like a true popstar ending ❤️🔥🔥🔥,3 hari yang lalu
youtube,Closer and closer and closerrr 🥹,3 hari yang lalu
youtube,😢❤❤❤❤,3 hari yang lalu
youtube,He is literally enjoying it. Its been awhile since I saw that smile while he's performing.,3 hari yang lalu
youtube,ACTUAL CHILLS!!!!!,3 hari yang lalu
youtube,closer and closer and closaaaahh~~~ Arrgh! that smile 😭,3 hari yang lalu
youtube,<3 amazing <3,3 hari yang lalu
youtube,Daisies,3 hari yang lalu
youtube,All i can take,3 hari yang lalu
youtube,I got goosebumps watching him on you  tube and my eyes filled with tears I saw the young Bieber again!,3 hari yang lalu
youtube,"I never had Bieber Fever. But the old stuff is so nostalgic & iconic & the new stuff is such a vibe (Daisies especially is such a feel good song) His meteoric rise to fame as a literal child & knowing just a fraction of what he’s gone through, this feels like him coming out the other side & even though it’s dark, feels like he’s stepping into the sunshine. He’s such a talent &  I wish him all the happiness in the wold 🌼♥️",3 hari yang lalu
youtube,i need the full performance for the love of god,3 hari yang lalu
youtube,최고다.사랑합니다 비버형!❤,3 hari yang lalu
youtube,Amazing content as always!,3 hari yang lalu
youtube,Eternamente Justin Bieber ❤️❤️❤️,3 hari yang lalu
youtube,High frequency vibration!!!,3 hari yang lalu
youtube,Need a live version of this on Apple Music,3 hari yang lalu
youtube,I love the energy,3 hari yang lalu
youtube,I like this song but he just makes me cringe so hard,3 hari yang lalu
youtube,WE HAVE BIEBER FEVER,3 hari yang lalu
youtube,amazing,3 hari yang lalu
youtube,The fact that he got 8 mil to do this performance is crazy 🫩🥀,3 hari yang lalu
youtube,"Everyone deserves a second chance, let's all support him.",3 hari yang lalu
youtube,Omg crazy fan ❤❤,3 hari yang lalu
youtube,For the people that thought he was done….,3 hari yang lalu
youtube,Watching justin now na 2026 na wow healing na siya sana❤,3 hari yang lalu
youtube,GOAT,3 hari yang lalu
youtube,❤,3 hari yang lalu
youtube,Good 4  Him ..........should have did Valerie  😩 while he was at it,3 hari yang lalu
youtube,Huh,3 hari yang lalu
youtube,Second chance? What did he do lol,3 hari yang lalu
youtube,crazyyyyyyyyyyyy,3 hari yang lalu
youtube,He's a changed man!! He looks like he is happy and doing well. I'm happy for him.,3 hari yang lalu
youtube,Posta todaaass,3 hari yang lalu
youtube,"A lot of fun performances, but this is just pure feelings. Beautiful. The music, the people.",3 hari yang lalu (diedit)
youtube,"Guess what ? It's already LEGENDARY, what an ending !!! ♥♥♥♥ Thank you Justin",3 hari yang lalu
youtube,THEE PRINCE OF POP,3 hari yang lalu
youtube,Who is that guitarist 😭 He made it iconic,3 hari yang lalu (diedit)
youtube,our boy,3 hari yang lalu
youtube,waste of time and money. i feel real bad for the fans for spent countless hours and dropped $$$ to see him.,3 hari yang lalu
youtube,"Psalm 139:14
New International Version
14 I praise You because I am fearfully and wonderfully made;
    Your works are wonderful,
    I know that full well.",3 hari yang lalu
youtube,How’s that hair transplant working out!?,3 hari yang lalu
youtube,So Lete uploaded ❤,3 hari yang lalu
youtube,these comments are funnyyyy 💀💀,3 hari yang lalu
youtube,"nothing makes me more happy than to see a happy, healthy and healing justin <3",3 hari yang lalu
youtube,"get some rest justin, you’re the pop ❤",3 hari yang lalu
youtube,Ya suban lo demás :(❤,3 hari yang lalu
youtube,Vai a Beyonce fazer uma palhaçada dessa 😂,3 hari yang lalu
youtube,"justinnn.. aku sayang km, aku berdoa untuk kebahagiaan km dan keluarga kecilmu❤",3 hari yang lalu
youtube,Mk.gee so good man,3 hari yang lalu
youtube,"justin bieber, thank you so much for sharing your art with us. I can't express how happy I am looking at this video. You are legend",3 hari yang lalu
youtube,Clown,3 hari yang lalu
youtube,"For all we know they wanted him to perform like this to humiliate him on the media calling him ""lazy""",3 hari yang lalu
youtube,Those boots look so ridiculous 😂,3 hari yang lalu
youtube,Bieber fever ACTIVE 🔥🔥🔥 He knows his audience now - we’re all growing up 🥹♥️🥹♥️😭🫶🏼,3 hari yang lalu
youtube,te amo,3 hari yang lalu
youtube,INCREIBLE INCREIBLE,3 hari yang lalu
youtube,"10 Million dollar is still less for a performance like this ! He brought all the JB fans back to being nostalgic, This is so far the best live performance of his , all time !",3 hari yang lalu
youtube,😎,3 hari yang lalu (diedit)
youtube,뜨또가 정말 행복하면 좋겠다,3 hari yang lalu
youtube,"It wasn’t lazy, it was different. He’s different now. Be happy you even get to see him perform still.",3 hari yang lalu
youtube,Need this on Spotify!!!,3 hari yang lalu
youtube,Perfect. I like justine bieber... Comeback,3 hari yang lalu
youtube,A melhor coisa de 2026!!!! The best thing about 2026!!!!,3 hari yang lalu
youtube,Nice,3 hari yang lalu
youtube,Qué bello mi hombre ♥️,3 hari yang lalu
youtube,aura farming since 14,3 hari yang lalu
youtube,Te amoooooo justinnn❤❤❤,3 hari yang lalu
youtube,"Love you more, Justin!!! 🫶🏼🤩❤️",3 hari yang lalu
youtube,Love jb❤❤,3 hari yang lalu
youtube,"You’ve been through so much, and it shows how strong you are. It’s okay to take your time you don’t always have to seem okay. Every small step toward healing is a big victory. Stay strong. You are loved, you are valued, and we’re proud of you. Keep going 💜✝️",3 hari yang lalu
youtube,"Oh, look at little Justin, all grown up with his crew cut and tattoos! Ain't he cute?",3 hari yang lalu
youtube,mk.gee <3,3 hari yang lalu
youtube,el amor de mi vida,3 hari yang lalu
youtube,"God is the best song of my life, hearing his voice after so long is something magical 🤍",3 hari yang lalu
youtube,I LOVE JUSTIN BIEBER SOOOO MUCHHHH BROOOO,3 hari yang lalu
youtube,Legend,3 hari yang lalu
youtube,Closer and Closer and Closaaaaa 🙂🙃🙂,3 hari yang lalu
youtube,It felt like a whole music video unfolding live on stage,3 hari yang lalu
youtube,"Where can I find his whole performance in Coachella??? I really want to listen Baby, Never say never and Stay 😭😭😭",3 hari yang lalu
youtube,Justin biber strong healing bring back songs heart ❤️👐,3 hari yang lalu
youtube,Omg 😍😍😍😍😍,3 hari yang lalu
youtube,"Bieber fever❤️🌡We love you, JB! 🙌🎉",3 hari yang lalu (diedit)
youtube,Hes free! He aint even minding yall! luv it ❤,3 hari yang lalu
youtube,I'm still in love with him he is so strong ❤️❤️ and powerful biber fan forever 🫶🏽❤️❤️,3 hari yang lalu
youtube,Alguém do Brasil?,3 hari yang lalu
youtube,born on the wrong side of earth to not witness this in person,3 hari yang lalu
youtube,"Now, I understand why Hailey was so much falling in love, no matter what happens 😂💗",3 hari yang lalu
youtube,peak,3 hari yang lalu
youtube,his voice gods gift,3 hari yang lalu
youtube,2 millions views in less than 24 hours 🥰 This is what Justin deserves 😍😍😍,3 hari yang lalu
youtube,Love you justin.. So happy for you❤❤,3 hari yang lalu
youtube,"Te amo Justin, me haces tan feliz ❤🥹",3 hari yang lalu
youtube,pure talent.,3 hari yang lalu
youtube,PLEASE UPLOAD FULL SHOW  🫶,3 hari yang lalu
youtube,The Mike was ONNNNNN 🔥🔥🔥🔥,3 hari yang lalu
youtube,Him and Jon Bellion should do a song together. I feel like they’re similar in a lot of ways!,3 hari yang lalu
youtube,Justin Bieber é o maior artista que temos no mundo!,3 hari yang lalu
youtube,THANK YOU JUSTIN FOR  MAKING MY CHILDHOOD MORE AMAZING  WITH ALL YOUR SONGS 😭😭😭😭🫶🫶🫶🇮🇳WHAT A ERA IT WAS 🤍,3 hari yang lalu
youtube,i love this man so so much,3 hari yang lalu
youtube,"I hope Justin Bieber truly knows how deeply his fans love him, support him, and will always have his back no matter what He’s 
Never alone JB",3 hari yang lalu
youtube,i literally cried during his performance it was beautiful so good to see him on stage again!!,3 hari yang lalu
youtube,Brilliant.,3 hari yang lalu
youtube,Love you JB 💜,3 hari yang lalu
youtube,❤❤❤❤❤❤❤❤❤❤❤❤❤❤❤❤❤❤❤❤❤❤❤❤❤❤❤❤❤❤❤❤❤❤❤❤❤❤❤❤❤❤❤❤,3 hari yang lalu
youtube,The starting bass sound is insane❤,3 hari yang lalu
youtube,ugh he is perfect,3 hari yang lalu
youtube,"once a legend, always a legend.",3 hari yang lalu
youtube,The eye contact 1:20 and 2:48 is unmatched ❤️❤️❤️ Hailey is a lucky girl. I love that for her because she deserves it. He needs to do the Super Bowl next year 🙏🏼🙏🏼🙏🏼,3 hari yang lalu (diedit)
youtube,Amazing what sobriety does to someone,3 hari yang lalu
youtube,Please give this man his flowers. Raw talent like this doesn’t come often. Much love JB 🎉,3 hari yang lalu
youtube,맥기 레전드 ㅇㅇ,3 hari yang lalu
youtube,"Yeah, his talent is raw,",3 hari yang lalu
youtube,🥺🥺🥹🥹🥹🥹🤍🤍,3 hari yang lalu
youtube,Una super estrella un gran cantante justin,3 hari yang lalu
youtube,I am glad to hear him.,3 hari yang lalu
youtube,@Coachella PLEASE POST THE OTHER PERFORMANCES OF JUSTIN TOOO PLEASE,3 hari yang lalu
youtube,Katy çok iyi demiss,3 hari yang lalu (diedit)
youtube,BIEBER FEVER 🔥 HOLD ON  HOLD ON,3 hari yang lalu
youtube,💘💘💘,3 hari yang lalu
youtube,"justin, i knew you since i was 6. i am now 21 and i have always been so proud of you. you’re my hero.",3 hari yang lalu
youtube,Gracias a dios por esto 🤍🤍🤍,3 hari yang lalu
youtube,I WANNA GET CLOSER AND CLOSER AND CLOSAAAAHHHHH 😭😭,3 hari yang lalu
youtube,CLOSER CLOSERR AND CLOSAHHHH,3 hari yang lalu
youtube,I love mkgee,3 hari yang lalu
youtube,Mk.gee aura farming on your favorite guitarist,3 hari yang lalu
youtube,"When coachella becomes live aid 2026 healing our mental health and our inner child , all because of him🥹",3 hari yang lalu
youtube,Justin fue el mejor ❤❤❤ El Vale mucho más 🎉🎉🎉,3 hari yang lalu
youtube,"This healed me in so many ways, thank you jb",3 hari yang lalu
youtube,He will make a comeback because of becoming a father,3 hari yang lalu
youtube,He is finally grown up,3 hari yang lalu
youtube,Healing starts here.,3 hari yang lalu
youtube,😂😂😂😂🚬🫵,3 hari yang lalu
youtube,Great performance ❤❤😊😊😊 he looks so happy ❤❤🎉🎉,3 hari yang lalu
youtube,가수는 진짜 음악이 중요한듯,3 hari yang lalu
youtube,Pq não tem o show inteiro 😢,3 hari yang lalu
youtube,Você  Justin Bieber  a sua voz conforta nossas mentes  vamos vamos você é luz nas nossas vidas ❤❤❤❤❤❤❤,3 hari yang lalu (diedit)
youtube,"Can't stop listening to him, absolute legend ❤",3 hari yang lalu
youtube,❤❤,3 hari yang lalu
youtube,I wanna get closer and closer and CLOSAAAAHHHHH,3 hari yang lalu
youtube,mk.gee doesn't get enough credit,3 hari yang lalu
youtube,3:02 Miss you Justin Bieber❤,3 hari yang lalu
youtube,I beg you to sing again Justin Bieber  😢❤,3 hari yang lalu
youtube,"I have never been to Coachella, young man their generation attended said
Said different accoustic set
❤🎉  Love You Justin and
Haille",3 hari yang lalu
youtube,CLOSER & CLOSERRRR & CLOSERRRRRR,3 hari yang lalu
youtube,🔥🔥🔥🔥,3 hari yang lalu
youtube,"By no means am I Bieber fan. I appreciate his music, there are a few tunes I enjoy this being one of them. But he looks so happy being on that stage, I pray that he continues on the road of healing. And just let those haters know...less is more most of the time. Keep doing you Justin that sounded and looked amazing! (Coming from someone that is a casual fan)",3 hari yang lalu
youtube,너무 좋아 진짜 비버야 영원해줘 비버의 그 하루하루 변해가는 목소리도 다 사랑해 ㅜ,3 hari yang lalu
youtube,Te amooooo ❤,3 hari yang lalu
youtube,POR SIEMPRE JUSTIN🤍🤍🤍🤍🤍🤍🤍🤍🤍🤍🤍🤍,3 hari yang lalu
youtube,EN LOOP ESTA PRESENTACIÓN🥹🫶🤍🤍🤍🤍🤍🤍,3 hari yang lalu
youtube,"I am not a fan of, he has a few good songs, he doesn’t need all t , dancers, etc just him and the mic",3 hari yang lalu
youtube,Fr. I visit coachella account just for JUSTIN BIEBER. THIS IS MY FIRST TIMW VISIT COACHELLA ACCOUNT. SOOOO~~~,3 hari yang lalu
youtube,PLEASE POST THE FULL PERFORMANCE,3 hari yang lalu
youtube,He is just soooop good.,3 hari yang lalu
youtube,"Really love this song from him.. good job, Justin! <3",3 hari yang lalu
youtube,"Jutin Drew Bieber Mallette, hallelujah!!! ❤‍🩹",3 hari yang lalu
youtube,He is just the love of my life and that’s neveeer going to changeee,3 hari yang lalu
youtube,"EVERYONE ON TWITTER MAD HATING, MEANWHILE WE ARE LOVING THIS!!!!",3 hari yang lalu
youtube,Sorry we cannot protect you when youre a kid,3 hari yang lalu
youtube,Mk.gee was just slapping haters🗿,3 hari yang lalu
youtube,💜,3 hari yang lalu
youtube,i NEED ALL of bieberchella,3 hari yang lalu
youtube,this man will always give us vocalsssssssss,3 hari yang lalu (diedit)
youtube,🥹🥹🥹🫶🏻🫶🏻🫶🏻,3 hari yang lalu
youtube,CLOSAH AND CLOSAH AND CLOSAAAA,3 hari yang lalu
youtube,Whoever did the EQ on mk.gee’s guitar should be drawn and quartered. Maybe it sounded better live.,3 hari yang lalu
youtube,Performance art.,3 hari yang lalu
youtube,Mk.geeeeee🥺🥺💕,3 hari yang lalu
youtube,레전드 갱신👏👏,3 hari yang lalu
youtube,"Bieberchella was truly for us, his OG beliebers💜 it was like reminiscing how we discovered him, and singing along to his classics❤ love you forever Justin❤",3 hari yang lalu
youtube,라이브 되게 안정적이다❤,3 hari yang lalu
youtube,That ending was 🔥🔥🔥,3 hari yang lalu
youtube,Gawtdamn bieber!!,3 hari yang lalu
youtube,HOW LIPSYNCED WAS THIS 'PERFORMANCE'?,3 hari yang lalu
youtube,It was very unique,3 hari yang lalu
youtube,Great performance!,3 hari yang lalu
youtube,Still you are my favourite,3 hari yang lalu
youtube,🥹💜,3 hari yang lalu
youtube,I love this song,3 hari yang lalu
youtube,"Is it just me, or does the sound of the guitar seem cracked? 😅😂",3 hari yang lalu
youtube,This was so cute! Love to see him again (AND HAPPY),3 hari yang lalu
youtube,Sober looks great on Justin!!!  Keep up the good work.👍👍👍,3 hari yang lalu
youtube,Lindo te amo ❤,3 hari yang lalu
youtube,El más grande de los últimos años! Estuve ahí desde el día 1,3 hari yang lalu
youtube,"Lots of people saying that this stage doesn’t deserve 10M. But in these days, we don’t have a lot of artists can connect people like he does. That something really difficult to see.",3 hari yang lalu
youtube,love JB,3 hari yang lalu
youtube,SO PROUD OF U BIEBS,3 hari yang lalu
youtube,It is boring.,3 hari yang lalu
youtube,I so crazy for you 🔥,3 hari yang lalu
youtube,"And they say he performed off on a MacBook, only are they fr??",3 hari yang lalu
youtube,Bravo Justin it was so beautiful. God bless all your life.,3 hari yang lalu
youtube,"RESPECT TO YOU JUSTIN❤❤❤🎉🎉🎉I WISH YOU A GOOD HEALTH, REAL GENUINE LOVE AND PEACE❤❤❤❤❤🎉🎉🎉🎉",3 hari yang lalu
youtube,the money is between him and the festival anyways they agreed on a price its really not anybody's business or up to them to decide if its a 10M show 😂,3 hari yang lalu
youtube,@wollsmoth7786it’s not a 10m bud,1 hari yang lalu
youtube,The fact that people are still talking about it is proof it was a great investment,2 hari yang lalu
youtube,Sei ihm gegööönnt 🙃.,2 hari yang lalu
youtube,I agree with you !!!! Despite of everything he's facing he still can performed with his soul singing ❤❤❤❤TRUE PERFORMANCE ❤ LOVE YOU JUSTINE,2 hari yang lalu
youtube,It’s really not though. Crazy how much people and how people defend it,1 hari yang lalu
youtube,"For the public what should matter is what he delivered: flawless voice, connection, amazing songs. Pure carisma. ♥️ go Justin❤",1 hari yang lalu
youtube,"Always certain superstars in certain era. For male artist,  this is his!",21 jam yang lalu
youtube,This stage doesn't deserve HIM,2 hari yang lalu
youtube,​​ @notamember1 you think you deserve??lol you critize without knowing he performed what he have. How about you? JUSTIN IS STILL A LEGENDARY ❤🎉❤❤❤❤,2 hari yang lalu (diedit)
youtube,Te amo tanto Justin,3 hari yang lalu
youtube,뜨또 비버야 사랑해,3 hari yang lalu
youtube,He's been telling us what happened without telling us.,3 hari yang lalu
youtube,17 years and it felt like watching one long epic movie. So glad to see him smiling again -- this is literally the happy ending we all needed. THANK YOU JUSTIN!!!,3 hari yang lalu
youtube,Someones trying a little too hard to copy Kanye ...,3 hari yang lalu
youtube,"MGK was the guitarist??? Omg, I love this!",3 hari yang lalu
youtube,❤❤❤🎉🎉🎉🎉🎉🎉🎉,3 hari yang lalu
youtube,❤,3 hari yang lalu
youtube,Sehat” justin suara Itu cuma lo yg punya 😭,3 hari yang lalu
youtube,Always an excitement to hear Justine sing ❤,3 hari yang lalu
youtube,Give us Yukon!!!!!,3 hari yang lalu
youtube,Closer and closer and closahhhh😭😩,3 hari yang lalu
youtube,Whos here from 2079?,3 hari yang lalu
youtube,So beautiful,3 hari yang lalu
youtube,Whoever does all of the camera work for these videos should be fired,3 hari yang lalu
youtube,Guitar rosak ke apa ni,3 hari yang lalu
youtube,"Puts, tá aí um show que eu queria ter ido",3 hari yang lalu
youtube,"His voice never changed, always great! Pray for peace and healing bro 🙏🏼😘",3 hari yang lalu
youtube,omg this guitar is horrible,3 hari yang lalu
youtube,Mk.gee standing there like a batman vigilante behind him looks so powerful lol,3 hari yang lalu
youtube,"just to see him perform again, omg i never knew how much i missed seeing him on stage💖 8-year old me would be crying happy tears rn for sureee!!! 😭",3 hari yang lalu
youtube,JB 🩷🩷,3 hari yang lalu
youtube,I wish he knew how proud we all are of him for pushing through everything he's gone through.,3 hari yang lalu
youtube,CUTESYYYYYYY💜💜💜💜💜,3 hari yang lalu
youtube,"anh ấy đang hát cùng đứa trẻ trong quá khứ, nếu ngẫm sâu hơn ta có thể thấy sự giao hòa giữa hiện tại và quá khứ, tôi hát cho 10 năm về trước nghe và 10 năm về trước hát cho tôi nghe❤❤❤❤",3 hari yang lalu
youtube,I really love his new album ! His voice is just amazing ....,3 hari yang lalu (diedit)
youtube,Bieber Gen 2 is getting a stronger connection with Bieber Gen 1 🔥,3 hari yang lalu
youtube,Who says it was lazy????? It was freaking awesome!!!!! Who needs all the projection here? His voice is the greatest!,3 hari yang lalu
youtube,perfeito minha nossa senhora,3 hari yang lalu
youtube,THE BEST EVERRRRRR ILYSM JUSTIN!!!!!,3 hari yang lalu
youtube,His performance was explosive.🔥🔥🔥💯,3 hari yang lalu
youtube,So much talent,3 hari yang lalu
youtube,He's back ❤,3 hari yang lalu
youtube,The fact that MkGee himself played the guitar on this performance takes it to the next level.,3 hari yang lalu
youtube,CLOSER AND CLOSEAH AND CLOSEAHHHHHHHH,3 hari yang lalu
youtube,❤❤❤❤❤❤,3 hari yang lalu
youtube,So good🔥🔥🔥,3 hari yang lalu
youtube,blowing kisses like will you catch them or not!!!!,3 hari yang lalu
youtube,Love you too little bro ... proud of you 💪🏽  if you reading this Justin!,3 hari yang lalu
youtube,that guitar sounds terrible,3 hari yang lalu
youtube,"Yes! He took me back to 2009 feelings, when i first hear his song. So much happen in life but he came back stronger  😭❤️",2 hari yang lalu
youtube,"He knows bro, trust",2 hari yang lalu
youtube,So true,2 hari yang lalu
youtube,Tough being a millionaire married to a 10. Id swap places with him in a heartbeat. He is in his arse a victim ....,2 hari yang lalu
youtube, @STEOKEO may that kinda stuff never finds you….he went through some HEAVY stuff. I can’t even begin to imagine what we don’t know.,1 hari yang lalu
youtube,This victim narrative the internet has created blows my mind. Gone through what ? Lmfao I love his music but this narrative has spawned out of nowhere and it blows my mind .,2 hari yang lalu
youtube,"It hasn’t spawned out of nowhere. Justin Bieber experienced a fame at such a young age that was a first of its kind due to social media and internet. He’s overcome a lot of battles, grown as a person, and tbh I’m genuinely happy for him and proud of him.",2 hari yang lalu
youtube, @Rounddabout  The amount of hate he received as a child who just wanted to share his art was insane lol. Also he got diddy'd,2 hari yang lalu
youtube,​ @Rounddabout  it was created by the internet generation there ultra sensitive and need constant coddling and reassurance they can't even look you in the eyes when there talking to you,22 jam yang lalu
youtube,The legend,3 hari yang lalu
youtube,JUSTIN BIEBER FOREVER!!!,3 hari yang lalu
youtube,Incredible! So proud of him!❤,3 hari yang lalu
youtube,"Вони такі справжні,як життя 🎉",3 hari yang lalu
youtube,CADE OS BRASILEIROSSSSSSSSSSSSSSSSSSS???????,3 hari yang lalu
youtube,맥기야 ㅈㄴ 멋지다.. 뜨또 디종이랑 같이 함 와라,3 hari yang lalu
youtube,Mk.gee brought some real life to Justins music!,3 hari yang lalu
youtube,이게 가수지 ㅋㅋㅋㅋ 딴따라들 춤추고 지랄할때,3 hari yang lalu
youtube,"Mk.gee in the house! go listen to his last album, it's amazing.
Two Star & the Dream Police.",3 hari yang lalu
youtube,Mk.Gee??,3 hari yang lalu
youtube,❤ So talent,3 hari yang lalu
youtube,HIS AURA 😭💜🥹,3 hari yang lalu
youtube,❤❤❤,3 hari yang lalu
youtube,His voice so consistens ❤,3 hari yang lalu
youtube,Completamente hipnotizada ❤❤✨,3 hari yang lalu
youtube,Thanks for this coachella !,3 hari yang lalu
youtube,im obsessed with the ''i get it i get it i get itttt'' bit tooo,3 hari yang lalu
youtube,justin invented swag,3 hari yang lalu
youtube,swag king,3 hari yang lalu
youtube,this performance is delicious,3 hari yang lalu
youtube,Goat 🐐,3 hari yang lalu
youtube,Him and posty and aurora know what the fans really want,3 hari yang lalu
youtube,Worst prefromace ever,3 hari yang lalu
youtube,Prince of pop is back 👑,3 hari yang lalu
youtube,GOAT,3 hari yang lalu
youtube,The King is back! 💜,3 hari yang lalu
youtube,"When an artist just strips the production back to the basic and show us WHY they're the one, its the best thing ever to witness. 
For the first time in a long, he looked so happy to be up there and that's really all one can ask for. Can't wait for weekend 2 to see it all again!",3 hari yang lalu
youtube,I am happy for him,3 hari yang lalu
youtube,Bro the guitar tone is scratching an itch in my brain,3 hari yang lalu
youtube,格好良い🎆🎆🎆🎶🎶🎶🇯🇵🇯🇵🇯🇵,3 hari yang lalu
youtube,The fact you can HEAR his smile and happiness while he's singing 😭,3 hari yang lalu
youtube,"this is not a artist Perform, it's an aura perform.
he's more than a artist at this point.
i should thank god for seeing this 🙏🏼.
thank you Justin.
Argentina miss u",3 hari yang lalu
youtube,❤❤❤🤩🤩🤩🤩,3 hari yang lalu
youtube,On repeat 🔁 someone else?,3 hari yang lalu
youtube,❤❤❤❤❤❤❤❤❤❤❤❤❤❤❤,3 hari yang lalu
youtube,😮😮😮😮😮😮😮😮😮😮😮😮😮😮,3 hari yang lalu
youtube,GOAT mann,3 hari yang lalu
youtube,the sound is awful... was also like this live at coachella?,3 hari yang lalu
youtube,미쳣다 쓋,3 hari yang lalu
youtube,지려버린다 증말..,3 hari yang lalu
youtube,Inner peace himself,3 hari yang lalu
youtube,buenisimooooo,3 hari yang lalu
youtube,good boy❤❤,3 hari yang lalu
youtube,"It was actually perfect and better then any other show. So glad he did it his way!!!

Edit: THANKS for the likes yall😭😭 I never had this many and always commenting on videos😦",3 hari yang lalu (diedit)
youtube,Love the legend and his music since young hope to go to his concert since young,3 hari yang lalu
youtube,Galing nila dito ah..,3 hari yang lalu
youtube,Come to India Justin!,3 hari yang lalu
youtube,👏👏👏👏👏🌟👑❤️❤️❤️❤️❤️❤️❤️❤️🇧🇷🇧🇷,3 hari yang lalu
youtube,AAAAAAAAA,3 hari yang lalu
youtube,"Hence Proved that people comes to see the character, not the music",3 hari yang lalu
youtube,Enough is enough!!! Just upload the whole live playlist (Coachella music) on spotify pls😭,3 hari yang lalu
youtube,I have so much love for this man 😮‍💨💜,3 hari yang lalu
youtube,"Love the visuals (setting and his), but this man clearly needs help. And a lot of it. Talking sincerely, not in a shady way.",3 hari yang lalu
youtube,Craque da galera 🇧🇷,3 hari yang lalu
youtube,"people comparing him with sabrina carpenter smh 🙄
this man is an ARTIST, so honest in his music in the way he sings and tries to convey his emotions. sabrina is a SHOWGIRL. she gave a show. a great show, mind you! 
justin wasn't there to give a show, he shared his art / heart.",3 hari yang lalu (diedit)
youtube,His voice is so good. It sounds like he has been vocal training,3 hari yang lalu
youtube,"The ending cut and the fireworks are insane, no matter where he's crouching, the camera's position, coachella treats Justin Bieber as a honored guest for sure, how beautiful the scene is, Vogue like!",3 hari yang lalu (diedit)
youtube,❤,3 hari yang lalu
youtube,그냥 레전드 아티스트가 되셨으세요...,3 hari yang lalu
youtube,"I'm so sorry young Justin, you should have been protected and cherished ❤❤😢",3 hari yang lalu
youtube,"Glad to see him on stage, totally not crying 😭😭😭😭",3 hari yang lalu
youtube,there's one on SoundCloud,3 hari yang lalu
youtube,"Yes, true",2 hari yang lalu
youtube,She Is a good preformer.,2 hari yang lalu
youtube,Justin Bieber's name is  more popular than sabrina's entire career..,2 hari yang lalu
youtube,"@C@ChotabhimmYes, but we shouldnt make these comparisons to divide communities.  We should aim to help other communities understand our thoughts in a less-aggressive manner.",2 hari yang lalu
youtube,And so sweet that he told people to drive home safe and get some water 💙 Lol I've been to hundreds of concerts over the years and don't remember any artist saying anything like that at the end lol,3 hari yang lalu
youtube,Omgg can't people just enjoy the performance without bringing it uppp,3 hari yang lalu (diedit)
youtube,this guy gets so much hate for no reason. He did good . haters just be hatin.,3 hari yang lalu
youtube,I can tell this is always gonna be on,3 hari yang lalu
youtube,Beautiful 🙏💕⭐️,3 hari yang lalu
youtube,Jb is really talented. Especially now that he lost his boyishness,3 hari yang lalu
youtube,Bieber is back ❤,3 hari yang lalu
youtube,"Thank God, Justin is healing. He looks so much healthier now.",3 hari yang lalu
youtube,Closer and closer and closer 💃💃,3 hari yang lalu
youtube,that guitar distortion is narsty,3 hari yang lalu
youtube,Minimalismchella ❤,3 hari yang lalu
youtube,the CLOSER AND CLOSER AND CLOSAAAAA altered my brain chemistry in ways i didn't expect,3 hari yang lalu
youtube,Stay live plzzzzzzzㅠㅠㅠㅠㅠㅠ,3 hari yang lalu
youtube,love him so much🫶🏻💜,3 hari yang lalu
youtube,biggest popstar in the world,3 hari yang lalu
youtube,closer and closer and closaahhh,3 hari yang lalu
youtube,"批判されていると聞いたけど本当なの？素敵なステージだったと思うけど。ジャスティンには過度な演出は要らない。その方が彼の歌声の素晴らしさが分かる。
YouTubeで若い頃の彼と一緒に歌う姿には胸が締め付けられたし、良い演出だったと思う。",3 hari yang lalu
youtube,I just love him,3 hari yang lalu
youtube,Loved him since “baby” EVERYTHING he does is perfect in my opinion 😂❤ not only is he ridiculously talented and an amazing artist but he’s a great human being,3 hari yang lalu
youtube,當你終於和自己和解,3 hari yang lalu
youtube,Lyrics,3 hari yang lalu
youtube,He’s back ❤❤❤ justin then now forever ♾️ 😊❤❤,3 hari yang lalu
youtube,"how many times you watched this video ? 
yes",3 hari yang lalu
youtube,Amazing,3 hari yang lalu
youtube,CLOSER AND CLOSER AND CLOSAAAAAAAAHHH 🤤😍😍🤏🏻✨🤏🏻✨🤏🏻✨🤏🏻🤏🏻🤏🏻🤏🏻✨💜,3 hari yang lalu
youtube,He is a LEGEND,3 hari yang lalu
youtube,SOS EL AMOR DE MI VIDAAAAAAAAAAAAAA,3 hari yang lalu
youtube,I love you Justine!!!,3 hari yang lalu
youtube,ㅋㅋ,3 hari yang lalu
youtube,Te amo más que a mi vida Justin Bieber 🥰,3 hari yang lalu
youtube,First time in my life i cared and wanted to know about Coachella. Thanks to Justin. I saw so Many new bands. Super cool festival.,3 hari yang lalu
youtube,Dude I love this song so freaking much.,3 hari yang lalu
youtube,3:15 Goosebumps!,3 hari yang lalu
youtube,it been too long bro grad your back to the old justine❤,3 hari yang lalu
youtube,Biebs 🔥❤️,3 hari yang lalu
youtube,a jogada de câmera nesse vídeo ficou pikaaaaaaaaa,3 hari yang lalu
youtube,my babyyyyyyy,3 hari yang lalu
youtube,GREATEST OF ALL TIME ❤🔥 raw talent & pure soul!!!!,3 hari yang lalu
youtube,Didn't expected for crying this much for a performance. SUCH A LEGEND. THANK YOU JUSTIN.,3 hari yang lalu
youtube,"Ele todo felizinho, tem como voltar nesse tempo! ❤🥹",3 hari yang lalu
youtube,What a magnificent and chill preformance❤,3 hari yang lalu
youtube,Justin Bieber still alive,3 hari yang lalu
youtube,BRO 🫶 Belieber forever and ever ✅️,3 hari yang lalu
youtube,I want to get closer and closer and closaahhh❤,3 hari yang lalu
youtube,The Cameramen is MVP,3 hari yang lalu
youtube,Better than the studio version. Feels so genuine,3 hari yang lalu
youtube,공연하는 사람이 행복하고 보는 사람도 듣기 좋았으니 충분해,3 hari yang lalu
youtube,Haters will always hate...Justin has brought a new color to the Coachella 2026 stage and he has proven that he is indeed a superstar.,3 hari yang lalu
youtube,Suena horrible esa guitarra,3 hari yang lalu
youtube,Only here for mkgee im sorry,3 hari yang lalu
youtube,"Lazy? Nah, he looks happy performing, and this time it was very genuine, it was a very heart felt performance, he was connected to the audience, live and watching at home.. he wasn't happy for a very long time, give him rest.. he enjoys it, and it makes me happy seeing him like that😭🥰",3 hari yang lalu
youtube,Give the camera man a lifet8me work! Amazingggggg,3 hari yang lalu
youtube,He is perfect,3 hari yang lalu
youtube,"Coachella, we badly need the full video of JB's performance. Please🙌",3 hari yang lalu
youtube,JB ON TOP,3 hari yang lalu
youtube,See youuuuuu this weekend,3 hari yang lalu
youtube,"those calling it ""lazy"" reminds me of the cheap businessman who asked why the engineer billed him $25k for taking a piece of chalk and circling the problem.   Bill: $1 chalk, $24999 for knowing where to circle.",3 hari yang lalu
youtube,Aaaaa love so much justin❤❤❤❤,3 hari yang lalu
youtube,Entonces ustedes van a subir lo que ustedes quieran,3 hari yang lalu
youtube,"Once a Belieber, always a Belieber. I’m smitten 🥹 I love this for him",3 hari yang lalu
youtube,YUKON PLS 😭,3 hari yang lalu
youtube,This just reminds how much i love him,3 hari yang lalu
youtube,Exactly!  Bieber doesn't need a crazy stage. Just him and a mic 🥰,3 hari yang lalu
youtube,"They called it lazy only because he sang a song about God.  They no longer like Justin because he is a Christian.  He has seen through the terrible music industry and hollywood.  He stays at home now and doesnt get in trouble and dont have anything on him, so they are just trying to smear him with stupid headlines like him being ""lazy"".  If he was a girl, they would be calling him a ""boss"" and said he slayed it.",2 hari yang lalu
youtube,"@ he has been a christian all of his life and it's nothing new that he's making music about it, he has been showing since Purpose (his most sucvessful album btw),  it's just thry're not used to him not performing his hits.",2 hari yang lalu
youtube,Hey,1 hari yang lalu
youtube,Being a belieber is a lifestyle,3 hari yang lalu
youtube,🎉🎉🎉🎉🎉🎉🎉🎉,3 hari yang lalu
youtube,sameee,2 hari yang lalu
youtube,I need this version on Spotify 😍,3 hari yang lalu
youtube,He sounds amazing and seems to be ❤️‍🩹 healing!!!🙏🏾❤,3 hari yang lalu
youtube,"""I wanna get closah and closah and closaaaahhh"" OBSESSEDDDDDDDDDD 🔥🔥🔥🔥",3 hari yang lalu
youtube,THE FULL SHOW WHEN??,3 hari yang lalu
youtube,So perfect 💋💋💋💋💋💋💋💋,3 hari yang lalu
youtube,"wow, this is awesome show",3 hari yang lalu
youtube,People that actually understand this,3 hari yang lalu
youtube,❤❤❤❤❤,3 hari yang lalu
youtube,"My only thought was.. If they paid him 10mill - how much do the fricken tickets cost!?!?
It’s not just him - there’s dozens of high ticket names at Coachella! What is the budget for this thing??",3 hari yang lalu
youtube,His swag is insane ! ❤,3 hari yang lalu
youtube,Drink some water 💦🌊💦,3 hari yang lalu
youtube,"I'm from KOREA(🇰🇷)!!!😢
KOREA(🇰🇷)FAN!!!😢
GOOD... GOOD...😢 👍",3 hari yang lalu
youtube,Pls add more of his performance from coachella,3 hari yang lalu
youtube,I love u man❤,3 hari yang lalu
youtube,wow. such talented,3 hari yang lalu
youtube,PLEASE JUST UPLOADDDD ALL AAAAAAAAAA,3 hari yang lalu
youtube,his dancing is just so cute.,3 hari yang lalu
youtube,JUSTIN BIEBER is the essence of COACHELLA! 🙌🤩😍🥰🥰,3 hari yang lalu
youtube,"Brilla brilla ...baby ❤
Saludos desde Uruguay 🇺🇾",3 hari yang lalu
youtube,Happy to see you happy 🧡,3 hari yang lalu
youtube,"the cheapest tickets cost around $600. Around 250,000 people attend so that's $150million if everyone that attended bought the cheapest ticket which obviously they don't. so 10 million isnt actually that much in comparison",3 hari yang lalu
youtube," @Becksnnc wow😱 - thank you, I always wondered. I can’t even imagine the crowd control, medical and bathroom situations for something that big!",3 hari yang lalu
youtube,"Выглядит как упоротый нарик, а поет все также как в 13 лет 😂 
Я не понимаю как можно петь эту фигню - babe, babe в столько годиков как у него",3 hari yang lalu
youtube,❤❤❤Always so brilliant~,3 hari yang lalu (diedit)
youtube,So beautiful! 🥹💜,3 hari yang lalu
youtube,Sound horeg,3 hari yang lalu
youtube,El one r,3 hari yang lalu
youtube,歌だけでこんなに惹きつけるのは彼が本物だからだよね,3 hari yang lalu
youtube,Your explanation is very impressive This deserves recognition.,3 hari yang lalu
youtube,This is so emotional it fills my heart so badly,3 hari yang lalu
youtube,Justin Bieber your voice is healing ❤,3 hari yang lalu
youtube,I loved whatever he did its the most comforting performance in the history of music . HE IS THAT GOATED .,3 hari yang lalu
youtube,Please next Cody Simpson perform please,3 hari yang lalu
youtube,mabuang ko nimo justin,3 hari yang lalu
youtube,closer and closer and clossahhhh 😜,3 hari yang lalu
youtube,one of the best music video recently 🔥🔥🔥,3 hari yang lalu (diedit)
youtube,PERIODT🌼,3 hari yang lalu
youtube,Need full justin Bieber performance on youtube 😡,3 hari yang lalu
youtube,"I never watced coanchella, but because justin i'm here, i really miss it, iwant to see him on stage",3 hari yang lalu
youtube,Mk.gee standing at the back like a SUPERHERO,3 hari yang lalu
youtube,My justin bieber heart is crying ❤️,3 hari yang lalu
youtube,This is AMAZING😭😭,3 hari yang lalu
youtube,Hater,3 hari yang lalu
youtube, @jeetpradhan2906 😂,1 hari yang lalu
youtube,He looked comfy too! :face-red-heart-shape:,3 hari yang lalu
youtube,"This was an amazing performance 
wasn't really a big fan 
maybe even a hater or a heckler 
when he started as I was into real street hiphop when I was younger 
still love it...but this man has been through so much & knowing his story 
I've done a 180😂

I see a man finally conquering all his demons & pain 

him scrolling youtube was amazing 
knowing he started up from there",3 hari yang lalu
youtube,give us the full set Coachella 😩,3 hari yang lalu
youtube,Justin voice is one of a kind.,3 hari yang lalu
youtube,Watched coachella just for beiber ❤❤,3 hari yang lalu
youtube,We need full performance dear Coachella,3 hari yang lalu
youtube,Mk.geeeee and Justin Bieber in one frame 🥺,3 hari yang lalu
youtube,my boy forever and ever yup,3 hari yang lalu
youtube,"Now that Justin found a very personal music style, I love him even more. His music with these collabs is excellent.",3 hari yang lalu
youtube,crying,3 hari yang lalu
youtube,1:23 그가 미소지으며 closaaaa를 부르는 방식….😭,3 hari yang lalu
youtube,Love to rewatch this 😎💕,3 hari yang lalu
youtube,"Everything is perfect 💜 
The lights, cameras, guitarists, cameramen, the stage, vocals, the crowd, the ending, and Justin Bieber.",3 hari yang lalu (diedit)
youtube,Aura 😮,3 hari yang lalu
youtube,He’s a real talent ❤❤❤❤,3 hari yang lalu
youtube,Amazing,3 hari yang lalu
youtube,Anyone want full performance?,3 hari yang lalu
youtube,I just want him to be happy,3 hari yang lalu
youtube,JB ❤,3 hari yang lalu
youtube,Great set design (concept) 👌,3 hari yang lalu
youtube,wow,3 hari yang lalu
youtube,MK.GEE !!!!!!!,3 hari yang lalu
youtube,That bassline really slapping here.,3 hari yang lalu
youtube,"closer, and closer, and closaaa🎉",3 hari yang lalu
youtube,love you JB,3 hari yang lalu
youtube,I’ve got a condition where I have to watch this video every once in a while.😽,3 hari yang lalu
youtube,natural,3 hari yang lalu
youtube,✨❤️‍🔥✨,3 hari yang lalu
youtube,THIS is the performance us OG Beliebers wanted!!! Justin is happy- WE feel it and we are happy with him!!!,3 hari yang lalu
youtube,sehat sehat tin,3 hari yang lalu
youtube,Omg yes this was a stage we all needed,3 hari yang lalu
youtube,he trynna look like Kanye,3 hari yang lalu
youtube,Black people are mad he made more money they Beyonce 🤭,3 hari yang lalu
youtube,"Yukon, please",3 hari yang lalu
youtube,Wow. Boum.. MkGee dig that guitar sound ...,3 hari yang lalu
youtube,I did just see him lip sincing......,3 hari yang lalu
youtube,"He prepared the simplest show in his career, but his performance here made even general listeners like me cry a lot.",3 hari yang lalu (diedit)
youtube,행복하자 우리,3 hari yang lalu
youtube,CRYING,3 hari yang lalu
youtube,Nice concert ❤❤❤,3 hari yang lalu
youtube,Bieberchella!!!,3 hari yang lalu
youtube,looking good thou,3 hari yang lalu
youtube,guitar tone is wayy to harsh :/ pref the smooth of the studio version,3 hari yang lalu
youtube,The voice is … ❤ he is a great musician. So weird I had a dream 1 months ago he was doing a performance very intimate with such guitare arrangements 😅 so weird,3 hari yang lalu
youtube,My king of pop is back happy and healthy. all eyes on him around the world. Everyday is a beautiful day what more can i ask?,3 hari yang lalu
youtube,mkgee the goat,3 hari yang lalu
youtube,Can't wait for weekend 2 din,3 hari yang lalu
youtube,Legend ❤,3 hari yang lalu
youtube,Not lazy ……. JUST PURE and AUTHENTIC,3 hari yang lalu
youtube,Love you Justin,3 hari yang lalu
youtube,peak,3 hari yang lalu
youtube,Still has more energy than blackpink,3 hari yang lalu
youtube,where can we watch the full set,3 hari yang lalu
youtube,He's back❤,3 hari yang lalu
youtube,it wasnt lazy at all! i loved how it was exactly what it should be about: music.,3 hari yang lalu
youtube,Yoo bebeir please back to your new face😢,3 hari yang lalu (diedit)
youtube,He told a story. If you didn't get it. Your bad!,3 hari yang lalu
youtube,"Love u so much Justin, i love uuu 😭🫶💜",3 hari yang lalu
youtube,just here for mk.gee man,3 hari yang lalu
youtube,Most unique voice ever!!!!!!,3 hari yang lalu
youtube,Never cared about the biebs……but I understand his scars in a way and this performance brought it full…much love to him and his healing ⭕️,3 hari yang lalu
youtube,closer and closer and cLOSEEHHH,3 hari yang lalu
youtube,Man I just hope to someday sing with him,3 hari yang lalu
youtube,"you can see that bro is Healed and is in a better space, this is proof that you can get through everything that happened to you in the past",3 hari yang lalu
youtube,"He did something different, it’s a good thing. He’s unique",3 hari yang lalu
youtube,I love you my love forever and ever ❤,3 hari yang lalu
youtube,The King is back😭🫶🏻,3 hari yang lalu
youtube,"I really hope he’s healing, we grew up with this guy and now we’re all older and things are so different, it’s wholesome asf",3 hari yang lalu
youtube,Devine,3 hari yang lalu
youtube,CAN PLEASE LMK WHERE I CAN WATCH THE WHOLE THING PLEASEEEEEE!!!!!!!!!!!!!!!!!!!!,3 hari yang lalu
youtube,🔥🔥🔥,3 hari yang lalu
youtube,Always JB fan ❤,3 hari yang lalu
youtube,So. Much. ❤. Biebs!,3 hari yang lalu
youtube,CLOSER AND CLOSER AND CLOSAAAAHHH 📣📣📣,3 hari yang lalu (diedit)
youtube,I'm happy to watching u again my Justine Bieber❤❤❤,3 hari yang lalu
youtube,A bandeira do Brasil no início da plateia 💚💛💙🇧🇷,3 hari yang lalu (diedit)
youtube,HISTORIC is all i have to say,3 hari yang lalu
youtube,唯一無二の存在,3 hari yang lalu
youtube,the cinematography is fire 🔥,3 hari yang lalu
youtube,Seeing him looking so healed is healing,3 hari yang lalu
youtube,"I haven't seen Justin this happy to perform , sing since he started uploading his YouTube videos singing we love you Justin always be happy and healthy man you deserve it so much .",3 hari yang lalu
youtube,"This is not just music, it’s a whole vibe",3 hari yang lalu
youtube,I love you JB ❤,3 hari yang lalu
youtube,Menjadi diri sendiri seutuhnya❤,3 hari yang lalu
youtube,MK.GEE MK.GEE MK.GEE!!!!,3 hari yang lalu (diedit)
youtube,Love it ❤❤❤,3 hari yang lalu
youtube,"Bro inner child is finally healing,it good to see him happy again",3 hari yang lalu
youtube,❤,3 hari yang lalu
youtube,15 April 2026💙,3 hari yang lalu
youtube,DROP ESSESNCE,3 hari yang lalu
youtube,🌼,3 hari yang lalu
youtube,"hope Justin knows even non-fans wishes nothing but well and happiness for him. He is the pop icon of our ERA!!! A mackbook, YT and a voice, now that's vintage beyond forgery. More love to you!",3 hari yang lalu
youtube,Ty for uploading this,3 hari yang lalu
youtube,Bieber🥺,3 hari yang lalu
youtube,Please release full show!,3 hari yang lalu
youtube,We love you Justin Bieber!!!!❤,3 hari yang lalu
youtube,please release the whole performance 🙏,3 hari yang lalu
youtube,Mk.gee aura farming on another level 😮‍💨,3 hari yang lalu
youtube,"we really miss your smile, it was so warm, and cheerful like before, we support you J ❤❤",3 hari yang lalu
youtube,I need full show ... 쯔에발🙏🙏,3 hari yang lalu
youtube,Sooo much love JB 🫶,3 hari yang lalu
youtube,This channel is exactly what I needed It helped me understand better.,3 hari yang lalu
youtube,Closer and closer and CLOSAAAHHHHHH,3 hari yang lalu
youtube,my favorite part at 1:24 I WANNA GET CLOSER AND CLOSER AND CLOSAAAAAH :D,3 hari yang lalu
youtube,"Can we go back to performing like this? ❤ Music, connection and being yourself. 🎉",3 hari yang lalu
youtube,Stay 영상도 보고싶다,3 hari yang lalu
youtube,Ayyy,3 hari yang lalu
youtube,Mk.gee with the amazing guitar tone,3 hari yang lalu
youtube,i'm happy to see justin so happy performing <3,3 hari yang lalu
youtube,He even sounds so much happier,3 hari yang lalu
youtube,Doesn’t need back ups! ❤ like old days!!:),3 hari yang lalu
youtube,Idol Justin Bieber come back stage 2026❤❤❤,3 hari yang lalu (diedit)
youtube,Glad to see him back. He's ever looked humble mature and happy in the same time. Just be yourself Justin!!!,3 hari yang lalu
youtube,Glad to see Bieber actually looks happy doing what he loves!!  LOVE it!!,3 hari yang lalu
youtube,Justin truly great performer,3 hari yang lalu
youtube,His voice is absolutely beautiful and wholesome,3 hari yang lalu
youtube,"His lighting designer is a MASTER whoever they are, they made that stage design",3 hari yang lalu
youtube,waiting for the full performance,3 hari yang lalu
youtube,"If you loved this song, everyone should check out his new album SWAG. It is so underrated, and in my opinion it’s his best album.",3 hari yang lalu
youtube,Soo happy I grew up listening to him. My childhood goat 🐐🥹❤️‍🩹,3 hari yang lalu
youtube,how this song sounds is how i feel when i look at my bf,3 hari yang lalu
youtube,Upload the whole set,3 hari yang lalu
youtube,So perfect 👌🏻,3 hari yang lalu
youtube,I didn't even know his tone could handle that much distortion! Sounded massive in the chorus.,2 hari yang lalu
youtube,"He was the only one who thought of that, using his laptop to watch old popular songs and memes, and then actually doing it at Coachella. He thought of that brilliantly.",3 hari yang lalu
youtube,"he is a truly super superrrr superrrrrrrr prince of contemporary R&B, dance-pop, electropop, and hip-hop🔥🔥🔥🔥🔥🔥",3 hari yang lalu
youtube,유콘유콘유콘,3 hari yang lalu
youtube,People don’t appreciate how crazy it is to see JB collab with upcoming mk.gee.🫨🔥🔥🔥,3 hari yang lalu
youtube,Any reason why he’s wearing Grandmas galoshes?,3 hari yang lalu (diedit)
youtube,AAAAAAAAAaaaaaaa lovee,3 hari yang lalu
youtube,THE PRINCE OF POP IS BACK ❤🎉,3 hari yang lalu
youtube,King 🤴 ❤,3 hari yang lalu
youtube,โคตรจะเริ่ด,3 hari yang lalu
youtube,"This is NOT LAZY. This is what you call pure connection! Connected, locked in, and a memory lane so beautiful!",3 hari yang lalu
youtube,Thank you for bringing him back. Miss you so much,3 hari yang lalu
youtube,1:24  still the same justin ❤,3 hari yang lalu
youtube,"Even though it was ""lazy,"" he was still able to connect with both the live audience and those at home in a way that others haven't. 😂
That's the performance. Heart-felt connection and energy.",3 hari yang lalu
youtube,Only people complaining were watching from they momma basement,3 hari yang lalu
youtube,1 million  🎉🎉🎉🎉,3 hari yang lalu
youtube,"The guitar 🎸 sounds horrible, not the guitar player, my ears are bleeding",3 hari yang lalu
youtube,gen z it‘s not clocking to you that he started his career on youtube 😂😂😂😂,3 hari yang lalu
youtube,GOAT,3 hari yang lalu
youtube,Belieber since day 1 !!!!!,3 hari yang lalu
youtube,hebat kamu jb,3 hari yang lalu
youtube,If this is lazy I’m staying home,1 hari yang lalu
youtube,whatever gets you through your day :),7 jam yang lalu
youtube,"no, this is LAZY.",1 hari yang lalu
youtube,"It wasn’t lazy at all. Aside from a 20-minute YouTube segment, Justin sang his heart out",3 hari yang lalu
youtube,"nothing about this was ""lazy"" bruh, its just those haters who think a throwback session he did for maybe 15-20min max with his laptop was ""lazy"" which made the fans go crazy btww, the nostalgia mainly. He fully performed his newer album so i just dont get these people honestly",3 hari yang lalu
youtube,How tf was it lazy? It wasn’t.,3 hari yang lalu
youtube,A whole lot better than pretentious talentless souless acts that perform there,3 hari yang lalu
youtube,how was it lazy??,3 hari yang lalu
youtube,Fantastic videography! Justin was amazing ❤,3 hari yang lalu
youtube,This wasnt lazy. He is newly sober. Were lucky he is there. He is there for his fans. To show hes good. Hes healthy. This show was so meaningful,3 hari yang lalu
youtube,You know I actually agree with this. I had goosebumps tbh.,3 hari yang lalu
youtube,Not lazy,3 hari yang lalu
youtube,Love from India 🇮🇳 💜💜💜💜,3 hari yang lalu
youtube,play tbis on speakers and you know how crazy this sound is🔥🔥,3 hari yang lalu
youtube,💗💗💗🥹🥰,3 hari yang lalu
youtube,🎉🎉🎉🎉 starseeds.,3 hari yang lalu
youtube,❤❤❤,3 hari yang lalu
youtube,I wanna be closer and closer and clossaaaaaaaa❤️‍🩹❤️‍🩹❤️‍🩹❤️‍🩹❤️‍🩹❤️‍🩹🫂,3 hari yang lalu
youtube,First time in years he is looking so happy while performing !,3 hari yang lalu
youtube,Been waiting for this!!!,3 hari yang lalu
youtube,Goat🔥,3 hari yang lalu
youtube,The so-called lazy performance yet it was the most calm and connecting performance 🥹🔥🔥🔥🔥,3 hari yang lalu
youtube,It's nice too see him smile like that enjoying the performance ❤❤,3 hari yang lalu
youtube,Was that Tim Henson's on guitar?,3 hari yang lalu
youtube,"Pra mim o Justin Bieber está no mesmo nível do Michael Jackson em tudo. Quem não concordar, apenas ignore meu comentário. Mas pra mim essa é a verdade",3 hari yang lalu
youtube,Bieber ❤❤❤❤❤I love uuuu,3 hari yang lalu
youtube,Release the full set!,3 hari yang lalu
youtube,"daisies毎日聴いてる。
Coachellaで歌ってくれて嬉しい。
Rare🎉",3 hari yang lalu
youtube,Thanks,3 hari yang lalu
youtube,His voice has gotten so much better,3 hari yang lalu
youtube,"Justin is obviously amazing, but with Mk.gee in the background, I can only look there , I’m proud.🙂‍↕️",3 hari yang lalu
youtube,Ohh😮our legend is back🔥🔥,3 hari yang lalu
youtube,mk.gee,3 hari yang lalu
youtube,He does not need anything. He is the prize. People come here to see him perform. Everything else is just distractions,3 hari yang lalu
youtube,love u forever see u in week 2 justin <3,3 hari yang lalu
youtube,"STAY HAPPY, JUSTIN! <3",3 hari yang lalu
youtube,It’s like Justin awoke omg I love it,3 hari yang lalu
youtube,Te amooo Justin❤❤❤❤,3 hari yang lalu
youtube,🧡🧡🧡,3 hari yang lalu
youtube,I wish I could've seen him live there but I live in Europe and my introverted self probably couldn't handle being at Coachella lol,3 hari yang lalu
youtube,MK. GEE,3 hari yang lalu
youtube,❤,3 hari yang lalu
youtube,2026 is healing 😭😭,3 hari yang lalu
youtube,The GOAT had to remind us how legendary he was—and still is.,3 hari yang lalu
youtube,Best performance of 2026. That guitar on this song is so sick,3 hari yang lalu
youtube,I can't believe I used to hate him 🥹,3 hari yang lalu
youtube,Give me yukon,3 hari yang lalu
youtube,Bieber fever is back!!,3 hari yang lalu
youtube,That was class. What’s all the hate about 😂,3 hari yang lalu
youtube,Welcome his back really love him ❤❤❤,3 hari yang lalu
youtube,"Beliber forever ,even in my 40 ❤️",3 hari yang lalu
youtube,"This is peak, to all the haters. Y'all can f$ck off",3 hari yang lalu
youtube,S &J 🌼🌼🌼🌼🌼❤️,3 hari yang lalu
youtube,I Love You Coechella,3 hari yang lalu
youtube,Love that your finally happy ❤,3 hari yang lalu
youtube,Ini yg kutunggu tunggu baru di upload sama admin 😭😭😭💜,3 hari yang lalu
youtube,For anyone to say anything about him is only coming from jealousy he's been giving his best since he was a child ❤❤❤❤❤❤,3 hari yang lalu
youtube,🫶🫶🫶🫶🫶🫶🫶🫶🫶🫶🫶🫶🫶🎧🎧🎧🎧🎧🎧🎧🎧🎧🎧🎧,3 hari yang lalu
youtube,Was that really him singing? At one point his voice keeps going but he’s not holding his mic up…,3 hari yang lalu
youtube,I love him. That is pure talent. I wish for him to be happy.,3 hari yang lalu
youtube,I really love this!!!,3 hari yang lalu
youtube,I'm glad he looks sane and happy 🥹🤍,3 hari yang lalu
youtube,Bieber fever is taking the world again 🎉❤,3 hari yang lalu
youtube,"1:27 CLOSAAA..😭😭💞
I don't remember how many times I repeat it 😭❤",3 hari yang lalu (diedit)
youtube,"After watching live, I was eagerly waiting for the ""Daisies"" video. Enjoyed every bit of it. Specially the ending. It's hitting so hard. The camera work is really good. 
This video will definitely go on the top 5 videos of Coachella's YouTube channel.",3 hari yang lalu
youtube,MK.GEE,3 hari yang lalu
youtube,sooooooooo stunning！,3 hari yang lalu
youtube,Amazing as usual!,3 hari yang lalu
youtube,"Coachella 2026❌
Bieber concert✅",3 hari yang lalu
youtube,Haley Bieber won,3 hari yang lalu
youtube,One of the legends! Love u JB! ❤‍🔥,3 hari yang lalu
youtube,"Pure raw talent, legendary performance",3 hari yang lalu
youtube,A legend 🥹✨️💖💓,3 hari yang lalu
youtube,Yeah they ad some vocals from the original song,3 hari yang lalu
youtube,He can make this an official video,3 hari yang lalu
youtube,​ @GlennWashy yeah. I was thinking the same.,3 hari yang lalu
youtube,Where is STAY w LAROI !!,3 hari yang lalu
youtube,懐かしい友達とお店でお酒を飲めみながら「あの時俺達こうだったよな」「あの時こんなの流行ってたよな」とか色んな思い出を一緒に振り返りながら、「今では家庭を持って子供なんていてさ」みたいな会話をしてる時みたいな感情になった。時の流れを感じこれが人生なんだと思うLiveだった。,3 hari yang lalu
youtube,closer & closer & closaaaa,3 hari yang lalu
youtube,❤❤❤,3 hari yang lalu
youtube,U SMILE I SMILE !!!! MY HEART IS FULL OF JOY <3 thank god,3 hari yang lalu
youtube,He is the best❤,3 hari yang lalu
youtube,"Ok, bucketlist to see him one day live!",3 hari yang lalu (diedit)
youtube,สุดครับจารย์ กีตาร์ โทน mk.gee สุดครับๆ น่าจะใช่แน่ๆ,3 hari yang lalu
youtube,💜💜💜,3 hari yang lalu
youtube,Song is top tier,3 hari yang lalu
youtube,"What a ducking king man.
The goat",3 hari yang lalu
youtube,that moment you don't want him to go.. 😭,3 hari yang lalu
youtube,THANK YOU FOR THIS,3 hari yang lalu
youtube,KING.👑,3 hari yang lalu
youtube,the prince is back ❤‍🔥,3 hari yang lalu
youtube,This felt like freedom for him. That last moment is how we should remember him,3 hari yang lalu
youtube,Finally we’ve got our Justin back looking so happy while performing🥹🥰,3 hari yang lalu
youtube,終於等到影片了!!!!!太棒了太棒了!!!!,3 hari yang lalu
youtube,Post all I can take,3 hari yang lalu
youtube,Closer and closer and closaaaaah,3 hari yang lalu
youtube,"What’s lazy I mean……
If a performance bring people together, brings joy, tears of love and the performance healed the singer and the listener 
Then it was a performance of lifetime",3 hari yang lalu
youtube,obsessed with this song performance and the fireworks at the end!!! 😩💞💓✨,3 hari yang lalu
youtube,this is all i can listen too omg justin love you,3 hari yang lalu
youtube,"From today, this song will be added in my favorite song list for 2026. 
Impreesive....!!!!",3 hari yang lalu
youtube,The freedom. He looks happy,3 hari yang lalu
youtube,"They say he was lazy, Beliebers say he did an incredible come back after all those spiraling years. Justin doesn't need any validation, he just needs to be himself 💜💜💜",3 hari yang lalu
youtube,THIS WILL GO DOWN AS ONE OF THE GREATEST PERFORMANCE OF ALL TIME IN HISTORY BEAUTIFUL ENDING.,3 hari yang lalu
youtube,Just genuinely happy that he seems genuinely happier 🥹,3 hari yang lalu
youtube,I LOVE UUUUU JUSTIN,3 hari yang lalu
youtube,we love you forever!!!!,3 hari yang lalu
youtube,"Favorite part 💜

[0:35-0:47]
0:35 0:35 0:35
0:35 0:35 0:35


[1:13-1:19]
1:13 1:13 1:13
1:13 1:13 1:13


[1:21-1:28]
1:21 1:21 1:21
1:21 1:21 1:21",3 hari yang lalu (diedit)
youtube,❤❤❤,3 hari yang lalu
youtube,"Try Blair Woods Music..... ""You Could Be The One """,3 hari yang lalu
youtube,Beautiful night with Justin,3 hari yang lalu
youtube,Belieber forevah,3 hari yang lalu
youtube,CLOSER CLOSER CLOSAAAAAAAH 👄,3 hari yang lalu
youtube,"A lot has happened, but thank you for continuing to sing!!!",3 hari yang lalu
youtube,WOW,3 hari yang lalu
youtube,Simply lovely,3 hari yang lalu
youtube,he sang awesome & was super nice to fans!! ♥️,3 hari yang lalu
youtube,That's a really weird (but fitting) guitar tone.,3 hari yang lalu
youtube,te amoooo Bieber,3 hari yang lalu
youtube,My first love❤,3 hari yang lalu
youtube,❤ brutaaaaal,3 hari yang lalu
youtube,Upload the full set,3 hari yang lalu
youtube,LEGENDARY,3 hari yang lalu
youtube,So proud of Justin,3 hari yang lalu
youtube,Mk.Gee has the most iconic silhouette,3 hari yang lalu
youtube,So proud of you Justin!!❤❤,3 hari yang lalu
youtube,the intro is more important you ppl,3 hari yang lalu
youtube,Simplest yet heartwarming and fun ❤❤❤❤justin the pop price . Love you and your family 💝,3 hari yang lalu
youtube,My favorite 🥺🫂🫀,3 hari yang lalu
youtube,"Who agree ?
King of pop Michael Jackson 
Prince of pop Justin Bieber",3 hari yang lalu
youtube,mk.gee with Justin is too powerful.,3 hari yang lalu
youtube,im moved,3 hari yang lalu
youtube,the fact that mk.gee was at the end of the whole show made me genuinely love it even more than I already did,3 hari yang lalu
youtube,GOAT,3 hari yang lalu
youtube,"Love his music and always have, he is such a great person, what a voice and I wish him and his sweet family the best now and always!!!",3 hari yang lalu
youtube,🤌🏻🤌🏻🤌🏻,3 hari yang lalu
youtube,Please post the the throw back Justin Bieber songs from Coachella this year,3 hari yang lalu
youtube,he still got it huhuhu my bieber,3 hari yang lalu
youtube,THE. BEST. COACHELLA. SET !!!!!!!!!!!!!!!,3 hari yang lalu
youtube,love you❤❤,3 hari yang lalu
youtube,❤❤❤❤,3 hari yang lalu
youtube,he looks like he had a good and enjoyable night,3 hari yang lalu
youtube,Upload full performance,3 hari yang lalu
youtube,"bashers were saying they expected something explosive from justin at his coachella performance, especially considering how big his talent fee is. do they not realize that justin is the production himself? he can carry an entire show on his own.",3 hari yang lalu
youtube,i need stay,3 hari yang lalu
youtube,"Closer, closer and CLOSAHHHH 🫠",3 hari yang lalu
youtube,Closer and closer and closaaahh ✨,3 hari yang lalu
youtube,❤❤❤❤❤❤,3 hari yang lalu
youtube,them some kayne west boots lol... loving justins vibe here though,3 hari yang lalu
youtube,Best Coachella show ever!,3 hari yang lalu
youtube,"Welcome back, JB 🔥",3 hari yang lalu
youtube,HE IS THE BEST. PERIODT!!!!!,3 hari yang lalu
youtube,I want moreeee,3 hari yang lalu
youtube,This is so great!,3 hari yang lalu
youtube,"Love u JB❤Coachella,💖 I'll be there I promise💕❣",3 hari yang lalu
youtube,Welcome back prince of pop,3 hari yang lalu
youtube,"Awesome live vocals ,& song🔥🔥🔥🔥",3 hari yang lalu
youtube,CLOSUH AND CLOSUH AND CLOSUHHHH,3 hari yang lalu
youtube,❤❤,3 hari yang lalu
youtube,"UNREAL! Love you, Justin!",3 hari yang lalu
youtube,🇦🇷❤💜,3 hari yang lalu
youtube,Cameraman deserves pay rise. What a performance thou,3 hari yang lalu
youtube,AURA X 1000000000000000,3 hari yang lalu
youtube,The Best JB 💜💜💜💜💜💜💜💜💜💜💜,3 hari yang lalu
youtube,❤❤❤❤❤❤❤,3 hari yang lalu
youtube,The content is clear and easy to follow It made my day better.,3 hari yang lalu
youtube,1:24 Closer and closer and Closaahhh,3 hari yang lalu
youtube,finally up,3 hari yang lalu
youtube,We love you JB ❤️,3 hari yang lalu
youtube,Bieber fever since 2008!!!!!!,3 hari yang lalu
youtube,te amo loco,3 hari yang lalu
youtube,Closer and closer and closaaaa,3 hari yang lalu
youtube,i still get goosebumps huhuhuhuhu,3 hari yang lalu
youtube,Increíble!!!,3 hari yang lalu
youtube,MK.GEEEEEEE,3 hari yang lalu
youtube,i should sold my kidney to be there T_T ughhhh so happy to see him happy!!! 😢<3,3 hari yang lalu
youtube,Solta o show dele inteiro em alta definição por favor 😭❤️,3 hari yang lalu
youtube,One of the best voice n vocalist ❤,3 hari yang lalu
youtube,Need the full performance pleasee,3 hari yang lalu
youtube,Justin ❤❤❤❤,3 hari yang lalu
youtube,Magnificent. ❤,3 hari yang lalu
youtube,Al fin suben algo de Bieber ❤,3 hari yang lalu
youtube,he is so cringy. geez i'm glad i'm not a bieber fan. his lyrics are embarrassing too... like that is not art... i mis gaga chella,3 hari yang lalu
youtube,Closaarrrrr,3 hari yang lalu
youtube,why the guitar sound like this sir,3 hari yang lalu
youtube,babbbbbbyyyyyyy!!!,3 hari yang lalu
youtube,wonderful performance,3 hari yang lalu
youtube,GOAT!!,3 hari yang lalu
youtube,The small charming kid with so much talent has grown up this much and healed everyone watching this performance. Justin smiling makes me so so happy 🥹🩷,3 hari yang lalu
youtube,My Biebes<3,3 hari yang lalu
youtube,FINALLY UPLOADED,3 hari yang lalu
youtube,🩶🩶🩷🩷,3 hari yang lalu
youtube,Woah the ending with the instrumentals and fireworks is truly cinematic omg 😭,3 hari yang lalu
youtube,This is a masterpiece! Oh I wish I were there to sing along,3 hari yang lalu
youtube,"I’m not crying, you are 😭",3 hari yang lalu
youtube,jasteeeennnnn,3 hari yang lalu
youtube,i honestly didn’t care about coachella at all until I saw this,3 hari yang lalu
youtube,Justin did the best performance of this Coachella!!,3 hari yang lalu
youtube,Como TE AMO loco 💜,3 hari yang lalu
youtube,no justin YOU have our heart 🥺🥺🥺,3 hari yang lalu
youtube,Mk gee is crazy performance,3 hari yang lalu
youtube,Whew! So raw. I love it ❤❤❤,3 hari yang lalu
youtube,"Totally loved his performance, didnt saw him enjoyed performing the stage. The aura and kinda enjoy it. Bieber fever! Bieber is healing ...",3 hari yang lalu
youtube,JUSTIN!!!! 🤩🤩🤩😍😍,3 hari yang lalu
youtube,I don't fully appreciate the sound mixing on the guitar but I'm sure there's an artistic reason?,3 hari yang lalu
youtube,I always get butterflies whenever JB sings. He is my ultimate crush since forever. I am happy now that he's healed. Hallelujah🙏🫶,3 hari yang lalu
youtube,Him smiling throughout the song. 🥹,3 hari yang lalu
youtube,😢😢,3 hari yang lalu
youtube,What a comeback!,3 hari yang lalu
youtube,coachella this year looks boring anyways 💔😔,3 hari yang lalu
youtube,he lowkey look like tim bradford,3 hari yang lalu
youtube,I love ü sooooo much<333,3 hari yang lalu
youtube,I swear he's one of the few big singers out there who can actually make me feel touched by his voice. The way he performs is so authentic.,3 hari yang lalu
youtube,We NEVER STOPPED LOVING YOU justin❤🎉,3 hari yang lalu
youtube,너무좋아아아아아아아아,3 hari yang lalu
youtube,Goat 🐐,3 hari yang lalu
youtube,"how kind of voice angel?, listen Justin Bieber singing",3 hari yang lalu
youtube,Great textures,3 hari yang lalu
youtube,Closer and Closer and CLOSEAAAAAA😭💜💜💜💜💜🫶🏽 1:26,3 hari yang lalu
youtube,私は日本のリビングでパジャマを着て観ていた。評論家気取りの男達の意見なんでどうでもよくて、世界中のあの頃のティーン達が自分の生きてきた人生を大切に、あの頃の自分を愛おしく思える時間だった。これからも強く生きていきたい。ありがとうJustin。,3 hari yang lalu
youtube,casual dress bieber is the realest bieber,3 hari yang lalu
youtube,Amazing ❤,3 hari yang lalu
youtube,"Hope you enjoy your life, and feel safe from now on with your family! You deserve it!❤",3 hari yang lalu
youtube,Coachella better post the whole thing soon,3 hari yang lalu
youtube,Loved the whole thing🫶💯💋🌼🌼🌼,3 hari yang lalu (diedit)
youtube,Thank u coachella for having live every year❤love u Justin,3 hari yang lalu
youtube,International BELIEBER is here to SUPPORT 🙌🏻🙌🏻🙌🏻❤,3 hari yang lalu
youtube,Closer and closahandclosaaaaah 😭,3 hari yang lalu
youtube,"after all these years, he still got a pristine vocal☺️",3 hari yang lalu
youtube,Bieber at peace man!,3 hari yang lalu
youtube,"such an amazing and intimate performance , loved every second of it.",3 hari yang lalu
youtube,He looked so happy 🤭 I love this,3 hari yang lalu
youtube,He's back 🕊️🥺❤️‍🩹,3 hari yang lalu
youtube,Never seen anything like it.,3 hari yang lalu
youtube,Wonderful performance as always.  ❤,3 hari yang lalu
youtube,😭😭😭😭❤❤❤,3 hari yang lalu
youtube,The full version of justin bieber!! please !!!! 🥹🥹🙏🏻🙏🏻🙏🏻🙏🏻🙏🏻🙏🏻🙏🏻🙏🏻🙏🏻🙏🏻🙏🏻🙏🏻🙏🏻🙏🏻🙏🏻,3 hari yang lalu
youtube,Goosebumps!!!!!,3 hari yang lalu
youtube,my freaky king mike,3 hari yang lalu
youtube,ตำนาน🎉,3 hari yang lalu
youtube,"I can't even explain what I'm feeling rn w these mere words but this man is amazing, the best 🛐😭",3 hari yang lalu
youtube,<3,3 hari yang lalu
youtube,guitar sound was so strange,3 hari yang lalu
youtube,💜💜💜,3 hari yang lalu
youtube,he looks so present and happy,3 hari yang lalu
youtube,im surprised no band..but that's not needed,3 hari yang lalu
youtube,Mk.gee 🐐🐐🐐,3 hari yang lalu
youtube,looks like a movie,3 hari yang lalu
youtube,❤😊,3 hari yang lalu
youtube,Amor da minha vida ❤,3 hari yang lalu
youtube,"The worst performance at Coachella, hahaha",3 hari yang lalu
youtube,Where is the full performance???,3 hari yang lalu
youtube,Justin looks so happy,3 hari yang lalu
youtube,The way Justin expressed his love and respect to the audience!! Love uu,3 hari yang lalu
youtube,Pls post the full set😫,4 hari yang lalu
youtube,LOVING so much with this Justin's performance!,4 hari yang lalu
youtube,マジぶっちぎり最高😆,4 hari yang lalu
youtube,It would be dope if he would sing the melody way up into that 7-8 lick that’s being played.,4 hari yang lalu
youtube,I hope he gets to live a better life.,4 hari yang lalu
youtube,drop a toouuuurrrrrrrrrrrrrrr,4 hari yang lalu
youtube,Finally I thought it won't be posted here legit thought they are gatekeeping it 😭,4 hari yang lalu
youtube,"This young man is full of love in his heart. For his fans. For his gifts. He was so lost in an industry that frankly destroys almost everyone. And of course he hurt a lot of people along the way. And was hurt. I am so thankful he found God and the safety and peace that only knowing we are loved by much greater than us can give. It’s that love that can heal anything. Not the love of the world. Real, divine love. 🤍 This was an incredible performance, genuine, heart felt, and thank you for sharing your blessings with the world, Justin.",4 hari yang lalu (diedit)
youtube,mk geeeeee,4 hari yang lalu
youtube,MK.gee is Insane!,4 hari yang lalu
youtube,STREAM YALLLL ❤❤ HE DESERVES IT SO MUCH,4 hari yang lalu
youtube,He's back,4 hari yang lalu
youtube,"I almost didn’t watch this bc I heard so many negative things about his performance being lazy, but this was enjoyable to watch. Not sure why all the negativity!",4 hari yang lalu
youtube,🎉🎉,4 hari yang lalu
youtube,왜 눈물이나노,4 hari yang lalu
youtube,"masterpiece, master at everything",4 hari yang lalu
youtube,Why nobody taking about Mk.gee,4 hari yang lalu
youtube,Still sounds amazing.,4 hari yang lalu
youtube,My youth 😢,4 hari yang lalu
youtube,Treating this as Daisies MV,4 hari yang lalu
youtube,"esa sonrisa tan natural y genuina, ese brillo especial en sus ojos, disfrutando de lo que mas ama hacer; demostrando que lo único que el siempre quiso fue cantar para su publico que lo apoyo desde siempre, elijo quedarme con esto, verlo brillar nuevamente es lo único que importa al final, el resto son solo opiniones vacías.",4 hari yang lalu
youtube,"Dáng vẻ nghệ sĩ tôi yêu, a ấy chỉ cần bộ quần áo đơn giản, không cần trang điểm cầu kỳ, lên sân khấu với tài năng giọng hát luôn có sẵn trong anh ấy cùng vs ty âm nhạc. Rung động tuyệt đối vs kí ức và hiện tại. Yêu JUSTIN BIEBER❤",4 hari yang lalu
youtube,KING OF POP,4 hari yang lalu
youtube,Lo amo❤,4 hari yang lalu
youtube,People always criticism it's better we check ourselves to confirm and some of them no watched the whole performance and they're repeating what others say,3 hari yang lalu (diedit)
youtube,There’s been a smear campaign against JB for the longest time. It’s entirely orchestrated and people are being paid for it.,3 hari yang lalu
youtube,he looks amazing btw,4 hari yang lalu
